"code","area","perimeter","contactWithRoad","widthContactWithRoad","numberOfNeighborhood","Geometry","HausDist","DisHausDst","CodeAppar"
"77390-New21Section-104","323.5385168499837","99.6647403687869","true","132.4308682511313","9","POLYGON ((674715.8581474217 6855097.963726703, 674732.9401518371 6855121.832668605, 674741.173448939 6855118.16547235, 674728.3937494189 6855091.871117547, 674715.8581474217 6855097.963726703), (674733.31 6855120.62, 674732.61 6855119.64, 674733.49 6855119.2, 674733.31 6855120.62), (674731.56 6855109.88, 674734.97 6855108.17, 674734.18 6855113.96, 674731.56 6855109.88))","0.0","0.0",""
"77243-New4Section-48","294.7646060828408","76.72841788741596","true","21.690588137939535","6","POLYGON ((677743.3409292658 6863704.983534885, 677733.0865047792 6863702.193999852, 677725.8056956329 6863728.95849885, 677736.0601201197 6863731.748033883, 677743.3409292658 6863704.983534885))","0.0","0.0",""
"77390-AK-Densifyed-1","4273.280423508339","273.8107109282341","true","66.3622841978449","4","POLYGON ((674358.9100619241 6855219.217388809, 674421.471 6855279.805, 674435.639 6855265.135, 674439.373 6855261.256, 674447.508 6855252.842, 674452.263 6855247.905, 674458.178 6855241.789, 674428.814 6855213.144, 674426.524 6855210.535, 674423.882 6855206.68, 674421.934 6855203.198, 674415.7410866681 6855188.379892978, 674358.9100619241 6855219.217388809))","0.0","0.0",""
"77243-New3Section-93","192.89686758166468","67.7390297904093","true","28.78860959800683","4","POLYGON ((678110.0414344441 6863974.519181389, 678119.58 6863949.22, 678119.3272420383 6863947.715633336, 678100.5724970647 6863962.538688969, 678110.0414344417 6863974.519181391, 678110.0414344441 6863974.519181389))","0.0","0.0",""
"77243-New8Section-68","541.0154022074247","125.34210023182715","true","99.89206896569686","7","POLYGON ((677775.27 6863897.85, 677776.41 6863893.99, 677770.8193162533 6863891.91300296, 677762.3488814088 6863907.401941647, 677781.7599444741 6863918.017268384, 677787.71 6863901.78, 677797.6799999996 6863904.86, 677797.68 6863904.859999999, 677797.6800000014 6863904.859999997, 677797.88 6863904.34, 677801.45 6863894.81, 677801.4499999996 6863894.81, 677800.86 6863894.59, 677784.76 6863888.57, 677784.53 6863888.48, 677783.29 6863891.84, 677784.14 6863892.15, 677781.18 6863899.77, 677781.11 6863899.94, 677776.32 6863898.19, 677775.27 6863897.85))","0.0","0.0",""
"77243-New3Section-80","536.6707107321582","95.80649626719978","true","0.9649799520051634","7","POLYGON ((677972.9947747376 6863930.392723375, 677972.0374449395 6863930.062516805, 677946.9870501356 6863949.861420832, 677948.2814461587 6863952.240489663, 677948.2814461605 6863952.2404896645, 677954.33 6863953.91, 677954.28 6863954.16, 677967.4974741867 6863958.10671685, 677984.3632706866 6863944.776616111, 677972.9947747376 6863930.392723375))","0.0","0.0",""
"77390-New17Section-307","436.87493912969467","83.75115579929157","true","66.4450283789228","7","POLYGON ((673300.5594181042 6856159.572410157, 673298.77 6856176.63, 673298.246087823 6856181.617319019, 673298.246087685 6856181.617320334, 673317.8475390086 6856183.675177077, 673320.1606440344 6856161.628987512, 673300.5594181042 6856159.572410157))","0.0","0.0",""
"77243-New8Section-126","353.34674812888295","77.24158581072159","true","15.281677104464682","4","POLYGON ((677734.9826956666 6863926.411365222, 677748.046307622 6863933.5554618025, 677759.4328119374 6863912.734232382, 677746.3691999817 6863905.590135802, 677734.9826956666 6863926.411365222))","0.0","0.0",""
"77243-New1Section-42","422.7501807388942","82.33975579450451","true","20.199866430556572","5","POLYGON ((677916.304158461 6863682.995726538, 677897.5082162414 6863676.771782198, 677890.1652298084 6863696.593733126, 677908.5159856286 6863703.391719434, 677916.3041584824 6863682.995726568, 677916.3041584897 6863682.995726548, 677916.304158461 6863682.995726538))","0.6017337873839526","29.59076139675011",
"77243-New2Section-20","366.03932044811063","101.82451041170351","true","9.56670198820739","4","POLYGON ((677974.9619380321 6863823.009270152, 677989.9 6863820.81, 678005.61 6863818.49, 678007.6 6863818.2, 678014.27 6863817.22, 678017.99 6863816.67, 678012.22 6863809.38, 678011.13 6863810.43, 678009.43 6863808.74, 678007.65 6863809.01, 677973.6584013593 6863814.160471067, 677974.9619380321 6863823.009270152))","0.0","0.0",""
"77243-New8Section-147","235.6500045255037","62.38362005421567","true","13.55256660718554","4","POLYGON ((677727.7809048691 6863951.664307452, 677739.8400671313 6863956.617660136, 677741.1784365982 6863952.984943013, 677745.8414924121 6863940.328077235, 677734.2856610973 6863934.008540551, 677727.7809048691 6863951.664307452))","0.3608616837071025","119.61787348773848",
"77243-New4Section-18","327.90282739113275","73.33645204273697","true","37.155036179433495","3","POLYGON ((677659.8961320759 6863659.006535098, 677656.25 6863673.6, 677656.1533424482 6863674.011308732, 677676.457337324 6863679.53465186, 677680.5157633316 6863664.615741527, 677659.8961320759 6863659.006535098))","0.0","0.0",""
"77390-New17Section-264","420.0468637232942","82.21340412616959","true","60.82133620466616","6","POLYGON ((673339.2370889622 6856163.611059142, 673339.85 6856156.44, 673340.02 6856154.42, 673340.79 6856144.97, 673341.0690755597 6856141.493689223, 673341.0690750548 6856141.49368917, 673322.47374906 6856139.582797947, 673320.1626620321 6856161.609753989, 673339.2370889622 6856163.611059142))","0.0","0.0",""
"77243-newSection0ConsolidationDivision-0","4032.7874076567296","369.4028325118383","true","105.66893186155625","11","POLYGON ((677882.0131253385 6863741.799856725, 677855.38 6863731.66, 677869.37 6863695.13, 677891.6 6863703.63, 677892.18 6863702.09, 677892.8217015122 6863702.323172728, 677893.7952010116 6863698.76761356, 677869.97 6863690.89, 677871.37 6863686.18, 677872.7993719766 6863686.651620195, 677872.8 6863686.65, 677875.09 6863680.61, 677878.8999985353 6863670.610003845, 677857.7 6863663.59, 677854.2300000207 6863662.480000007, 677854.2299999237 6863662.479999981, 677836.97 6863657.97, 677830.9372527519 6863656.406025057, 677809.2181219708 6863736.246279391, 677824.140047325 6863740.33184967, 677825.15 6863737.64, 677827.07 6863732.55, 677830.73 6863733.95, 677879.1024811426 6863752.430542886, 677882.0131253385 6863741.799856725))","0.49458129377392646","80.94798034711458",
"77243-New2Section-7","326.99961604237495","72.35259576285195","true","17.434403931700558","4","POLYGON ((677972.366259316 6863805.389022154, 677971.9731156906 6863802.720244953, 677969.7705806 6863787.768774157, 677951.5111804528 6863790.718503827, 677954.0691587309 6863808.082829911, 677972.36624833 6863805.389023772, 677972.366259316 6863805.389022154))","0.0","0.0",""
"77243-New1Section-1","317.4989711173154","71.44012609259838","true","36.182276906124606","3","POLYGON ((677953.7921454016 6863695.698479218, 677952.4000000145 6863694.940000009, 677952.3999999573 6863694.939999986, 677952.3999999538 6863694.9399999855, 677950.08 6863694.18, 677935.09718082 6863689.218704017, 677929.525378725 6863703.810372425, 677948.0007727786 6863710.86516811, 677953.7921454016 6863695.698479218))","0.5695167011665196","21.875309501836835",
"77243-New4Section-33","285.6749277500127","69.39010245555455","true","13.854497115490101","6","POLYGON ((677691.832414004 6863705.722634684, 677692.0405492901 6863704.957522381, 677671.5317003177 6863699.378452314, 677668.003555174 6863712.3480323795, 677688.5124041464 6863717.927102446, 677691.832414004 6863705.722634684))","0.0","0.0",""
"77243-New5Section-38","475.28515317590717","87.28451285162983","true","49.662262539151556","6","POLYGON ((677978.9303313959 6863916.536704233, 677979.1 6863921.54, 677995.7299999908 6863927.899999997, 677995.7299999997 6863927.899999999, 678002.453004132 6863902.82013511, 677983.9377221242 6863897.856858075, 677978.9303313959 6863916.536704233))","0.43682549699734574","132.71622696613238",
"77390-New17Section-321","369.12631671997013","78.11350488557242","true","43.624305739199144","4","POLYGON ((673293.610000005 6856225.749999999, 673314.0364187064 6856220.775138197, 673315.6146779228 6856205.751089223, 673295.9281092398 6856203.683037626, 673293.6100000003 6856225.749999998, 673293.610000005 6856225.749999999))","0.0","0.0",""
"77243-New5Section-62","456.3057713858759","123.49544147568054","true","64.79692264663242","7","POLYGON ((677977.3373962875 6863869.207382183, 677977.66 6863878.75, 677969.1200000002 6863879.1, 677969.12 6863879.100000001, 677969.68 6863895.89, 677978.22 6863895.59, 677978.9303313959 6863916.536704232, 677990.6604511443 6863872.7780194795, 677977.3373962875 6863869.207382183))","0.0","0.0",""
"77243-New7Section-136","423.19452607934016","89.738227919357","true","17.855473468646235","8","POLYGON ((677938.89 6863839.85, 677936.728828801 6863840.167291062, 677927.1591101084 6863865.216296373, 677940.0750599907 6863870.150704166, 677950.4389762786 6863843.022864521, 677951.4912653287 6863840.268468613, 677951.42 6863838.010000003, 677951.4199999934 6863838.01, 677944.33 6863839.05, 677938.89 6863839.85))","0.0","0.0",""
"77390-New17Section-27","320.28062878201024","72.58808866875694","true","36.89521050274898","7","POLYGON ((673294.8086247559 6855938.689066065, 673290.62 6855930.27, 673285.3768377214 6855919.748837156, 673285.376837153 6855919.74883602, 673281.9967957973 6855921.440249954, 673271.8231481477 6855926.531267369, 673281.2918312624 6855945.45303445, 673294.8086247559 6855938.689066065))","0.0","0.0",""
"77243-New8Section-134","471.5138958417242","109.41741950770566","true","10.877533971787663","5","POLYGON ((677754.8294330835 6863890.119851901, 677754.67 6863890.06, 677754.46 6863889.98, 677753.99 6863891.24, 677748.75 6863889.61, 677744.96 6863888.35, 677742.28 6863887.45, 677738.28 6863899.04, 677737.78 6863900.51, 677737.71 6863900.48, 677736.69 6863903.18, 677736.23 6863903.03, 677731.6300000006 6863901.51, 677731.629999999 6863901.510000003, 677728.31 6863911.3, 677725.019910842 6863920.963017764, 677730.8997124827 6863924.178504487, 677734.9826956663 6863926.411365222, 677754.8294330835 6863890.119851901))","0.4814087374878069","97.0569005952107",
"77243-New3Section-95","288.86959323614127","69.19679784920329","true","14.904283314671284","5","POLYGON ((677834.8706250144 6864041.151787954, 677841.89 6864044.44, 677848.099999988 6864047.339999994, 677848.1000000003 6864047.339999999, 677848.52 6864046.09, 677850.17 6864041.23, 677851.28 6864037.94, 677851.46 6864037.4, 677852.26 6864035.04, 677854.8092682286 6864027.483512386, 677841.9644936416 6864022.577778675, 677840.4564588931 6864026.526294341, 677834.8706250144 6864041.151787954))","0.3985388229559583","58.59127688964302",
"77243-New3Section-81","280.84623245764715","115.88186511727977","true","16.07212007612938","7","POLYGON ((678000.6381546188 6863912.252179559, 677993.89 6863937.6, 677972.9947747391 6863930.392723376, 677972.9947747384 6863930.392723376, 677984.627632001 6863945.1110970145, 678010.4672798603 6863924.68839661, 678000.6381546188 6863912.252179559))","0.4826823326060552","121.90972530431013",
"77243-New5Section-115","459.4792260255112","87.66496975697379","true","49.86160090606733","7","POLYGON ((678006.1 6863830, 677999.3893689192 6863830.98235474, 677995.0752509516 6863847.079545679, 678015.8963709628 6863852.659697414, 678016.14 6863851.75, 678022.6199990303 6863827.580003617, 678022.6199999994 6863827.580000001, 678022.6199999977 6863827.58, 678006.1 6863830))","0.2569686986961439","86.67312070706025",
"77243-New3Section-54","366.5524737218382","77.45790474065736","true","16.800968958201555","5","POLYGON ((678052.5343115878 6863886.969332599, 678039.619982928 6863897.176339543, 678041.5393990095 6863899.604864404, 678053.427791978 6863914.646552421, 678066.3421206381 6863904.439545477, 678052.5343115878 6863886.969332599))","0.0","0.0",""
"77243-New3Section-132","366.62914932051706","88.12556476443662","true","10.512050270364146","6","POLYGON ((678058.548337963 6863868.02437214, 678052.33 6863860.15, 678051.6480275937 6863859.286429578, 678051.6480253732 6863859.286426769, 678025.8121738782 6863879.706126666, 678032.7160784025 6863888.441233104, 678058.548337963 6863868.02437214))","0.0","0.0",""
"77390-New17Section-64","320.62447412484966","72.62584291487451","true","36.90557449783763","7","POLYGON ((673289.7587238819 6855996.349078622, 673293.65 6856004.19, 673299.1610239928 6856015.304051724, 673299.1610240506 6856015.304051841, 673312.745142288 6856008.513715849, 673308.9593937282 6856000.940297374, 673303.2846105885 6855989.587851008, 673289.7587238819 6855996.349078622))","0.0","0.0",""
"77243-New4Section-64","279.33870331506387","68.44727510813098","true","13.83513005739049","5","POLYGON ((677687.5198325095 6863717.657090869, 677668.45843818 6863712.471775269, 677664.9302930366 6863725.441355335, 677684.9842590019 6863730.896682514, 677688.5124041457 6863717.927102448, 677687.5198325095 6863717.657090869))","0.0","0.0",""
"77243-New3Section-3","285.07471491390663","73.47595722994839","true","11.347053958584524","7","POLYGON ((678077.3089612176 6863933.077542517, 678057.2215313134 6863948.953902949, 678062.5718876868 6863955.723395811, 678064.1254358385 6863957.689009387, 678084.2128657429 6863941.812648956, 678077.3089612176 6863933.077542517))","0.0","0.0",""
"77243-New3Section-76","372.3901558447795","89.7415054652774","true","55.80688429396511","4","POLYGON ((677837.630462209 6863947.000373852, 677830.4340025256 6863965.842999219, 677858.7187078213 6863976.645620262, 677860.0228137713 6863973.231055194, 677837.906370481 6863946.277958062, 677837.9063704766 6863946.277958061, 677837.630462209 6863947.000373852))","0.4507428104921818","52.58157340603631",
"77243-New8Section-63","396.4416230961325","86.21667107222744","true","13.630834530200424","5","POLYGON ((677762.3488814088 6863907.401941647, 677759.2976590217 6863912.981371433, 677748.0463076228 6863933.5554618025, 677750.1370750002 6863934.698839616, 677759.7148776354 6863939.936651891, 677774.017451421 6863913.783131735, 677764.0432416082 6863908.3285362935, 677762.3488814088 6863907.401941647))","0.0","0.0",""
"77243-New3Section-113","517.0038642068811","111.43172427928863","true","78.8205163186425","8","POLYGON ((678014.4728671301 6863860.286283151, 678013.46 6863864.09, 678004.9031180565 6863896.231869783, 678041.3346529194 6863867.4377342835, 678014.4728671301 6863860.286283151))","0.0","0.0",""
"77390-New17Section-79","439.20434897248595","83.96530722505103","true","46.39570978915652","7","POLYGON ((673317.9327712593 6856183.684125179, 673298.246087685 6856181.617320334, 673295.9281092398 6856203.683037626, 673315.6146779228 6856205.751089223, 673317.9327871623 6856183.68412685, 673317.9327712593 6856183.684125179))","0.0","0.0",""
"77243-New3Section-2","440.1379221429999","99.26830854254614","true","5.587735570859474","4","POLYGON ((677870.4070837792 6863974.851089415, 677871.945710134 6863976.726198584, 677871.9457101361 6863976.726198584, 677875.54 6863966.07, 677885.71 6863969.17, 677890.13 6863970.52, 677890.3012288057 6863969.990006077, 677889.2847934916 6863947.150713874, 677869.2140636324 6863948.04393764, 677870.4070837792 6863974.851089415))","0.0","0.0",""
"77390-New17Section-107","221.19775268610448","62.08078361397105","true","27.998708261994395","7","POLYGON ((673314.0364187094 6856220.775138196, 673326.17 6856217.82, 673326.34 6856217.77, 673327.81 6856212.57, 673331.7307098622 6856203.883119144, 673315.9846677664 6856202.229015373, 673314.0364187071 6856220.775138196, 673314.0364187094 6856220.775138196))","0.0","0.0",""
"77243-New3Section-39","482.8132415599051","108.87324401843235","true","23.72354331417467","7","POLYGON ((677997.7470590938 6863967.576928861, 678015.58 6863973.2, 678032.51 6863978.55, 678034.34 6863979.12, 678037.39 6863980.07, 678041.2092904131 6863981.276849686, 678041.2100263136 6863981.2762680575, 678017.8344889974 6863951.700568429, 677997.747059093 6863967.57692886, 677997.7470590938 6863967.576928861))","0.0","0.0",""
"77390-New21Section-155","3189.578013699084","361.44246203756313","true","4.569178234117137","11","POLYGON ((674791.394214479 6855061.251350712, 674797.29 6855063.42, 674797.9599999998 6855063.26, 674797.9599999936 6855063.259999987, 674795.8859586173 6855059.068253205, 674785.61 6855038.3, 674767.36 6855032.35, 674749.58 6855026.53, 674743.78 6855024.62, 674744.35 6855035.58, 674743.04 6855046.13, 674733.73 6855046.27, 674699.28 6855046.78, 674689.03 6855046.93, 674688.0300000006 6855046.94, 674688.03 6855046.94, 674688.09 6855048.85, 674688.2 6855050.45, 674688.36 6855052.04, 674688.6 6855053.72, 674688.94 6855055.53, 674689.29 6855057.01, 674689.6 6855058.05, 674690.05 6855059.3, 674690.51 6855060.4, 674691.36 6855062.29, 674692.67 6855064.91, 674693.19 6855065.85, 674693.83 6855066.93, 674695.23 6855069.04, 674698.1 6855073.15, 674715.8581474216 6855097.963726703, 674746.262429362 6855083.186502077, 674744.74 6855080.15, 674747.74 6855057.06, 674749.17 6855045.72, 674791.394214479 6855061.251350712), (674739.97 6855070.36, 674739.76 6855070.15, 674739.35 6855068.4, 674739.12 6855066.61, 674739.07 6855064.82, 674739.19 6855063.02, 674739.51 6855061.25, 674739.99 6855059.51, 674740.64 6855057.84, 674741.45 6855056.23, 674741.84 6855055.82, 674741.4 6855059.33, 674739.97 6855070.36))","0.5101992858716671","70.61072763163436",
"77243-New7Section-148","471.1648249487639","95.80222989861825","true","14.228088486792279","7","POLYGON ((677914.9975000011 6863897.045000001, 677927.9149999999 6863901.9799999995, 677940.075059991 6863870.150704166, 677927.1575599918 6863865.215704166, 677914.9975000011 6863897.045000001))","0.0","0.0",""
"77243-New3Section-28","482.60912438821","88.90593563355797","true","19.223341321669103","5","POLYGON ((678061.2974562172 6863965.399907627, 678049.60968756 6863950.612057813, 678029.5222576563 6863966.488418244, 678041.2100263141 6863981.2762680575, 678061.2974562172 6863965.399907627))","0.36051525412551544","150.69929874729715",
"77390-New17Section-166","418.00775812410495","82.0411972422237","true","60.90041716063406","6","POLYGON ((673322.6137337929 6856132.560320073, 673331.4170333206 6856133.464963949, 673341.6293672707 6856134.514402895, 673341.6293673042 6856134.514402898, 673341.6293673122 6856134.51440282, 673341.6293674433 6856134.514401196, 673341.71 6856133.51, 673342.0999993418 6856128.680008152, 673342.1000000217 6856128.679999721, 673342.62 6856122.04, 673343.3679122202 6856112.409579727, 673324.8796980958 6856110.509695524, 673322.6137337929 6856132.560320073))","0.0","0.0",""
"77243-newSection0ConsolidationDivision-6","3791.562219210091","602.9010658853754","true","153.8670799467771","21","POLYGON ((677940.9665910358 6863828.014266928, 677930.06 6863829.62, 677933.66 6863817.75, 677941.35 6863792.36, 677951.1626218146 6863790.774812017, 677951.8312768979 6863788.3326508105, 677946.48 6863789.2, 677949.28 6863777.24, 677946.27 6863776.25, 677955.47 6863745.77, 677956.6977787383 6863745.660198649, 677957.66 6863741.56, 677958.1372170362 6863727.304087904, 677958.1372170359 6863727.304087904, 677957.19 6863729.83, 677918.74 6863830.42, 677896.78 6863822.03, 677888.44 6863818.85, 677882.88 6863816.72, 677909.04 6863748.23, 677909.32 6863747.52, 677911.81 6863740.99, 677911.75 6863740.96, 677899.37 6863735.02, 677894.91 6863746.71, 677893.2802873442 6863746.089530092, 677892.0457315692 6863750.598557685, 677890.3659479755 6863756.733712311, 677891.22 6863757.06, 677887.8961102356 6863765.754419795, 677864.8287877701 6863850.004314046, 677913.1181513063 6863863.225770646, 677921.05 6863842.47, 677935.28 6863840.38, 677937.6772604553 6863840.028047633, 677940.9665910358 6863828.014266928))","0.5297528756195344","84.0816766292402",
"77243-New4Section-55","296.87239227582427","76.88040087208415","true","11.100042237658613","6","POLYGON ((677727.7746598038 6863693.494622897, 677734.8506304572 6863695.419515714, 677742.1314396034 6863668.655016716, 677731.8036883539 6863665.845534433, 677724.5228792075 6863692.61003343, 677727.7746598038 6863693.494622897))","0.0","0.0",""
"77390-New17Section-15","402.50789453753345","80.59204774336702","true","59.782950587422334","8","POLYGON ((673343.3679122202 6856112.409579727, 673343.51 6856110.58, 673343.61 6856109.34, 673344.41 6856099.11, 673345.109172566 6856090.305035598, 673345.1091725472 6856090.305035596, 673327.1052078089 6856088.85274398, 673324.8796980958 6856110.509695524, 673343.3679122202 6856112.409579727))","0.0","0.0",""
"77243-New6Section-37","540.0512035888325","102.94832245883646","true","3.91215769979741","7","POLYGON ((677880.738486286 6863784.47687805, 677885.9792431426 6863770.768439026, 677851.6031146686 6863757.634918155, 677846.365088061 6863771.344400281, 677880.738486286 6863784.47687805))","0.48604209922866315","54.706445850130166",
"77243-New3Section-36","308.94597526193326","70.45677723014641","true","13.833112677969037","6","POLYGON ((677984.6276320016 6863945.111097015, 677996.2604892626 6863959.829470652, 678009.1803131922 6863949.61812045, 677997.5474559298 6863934.899746813, 677995.5679928781 6863936.464241077, 677984.6276320016 6863945.111097015))","0.0","0.0",""
"77243-newSection0ConsolidationDivision-5","3480.836375417944","311.04332467095327","true","111.62179006476241","7","POLYGON ((677863.5254658604 6863809.323226995, 677801.51 6863785.63, 677811.55 6863759.38, 677815.022144625 6863750.277059595, 677804.1679411802 6863747.305217159, 677782.240483311 6863827.3919289755, 677853.2547689271 6863846.835388703, 677863.5254658604 6863809.323226995))","0.4918155363432045","65.30418204081391",
"77243-New1Section-137","409.274394198472","80.98102391878825","true","19.94422849437846","4","POLYGON ((677897.5082162414 6863676.771782198, 677878.9 6863670.61, 677875.09 6863680.61, 677872.8 6863686.65, 677871.61 6863689.72, 677890.1652298084 6863696.593733126, 677897.5082162414 6863676.771782198))","0.3636636694798224","49.193441409536845",
"77243-New3Section-98","269.55236774345985","80.44559909458961","true","33.85368316544276","5","POLYGON ((677849.1433337743 6863948.937161406, 677870.4070837792 6863974.851089415, 677869.2140636324 6863948.04393764, 677849.1433337743 6863948.937161406))","0.0","0.0",""
"77243-New5Section-146","312.290776413888","72.89934540115263","true","22.69024043094131","5","POLYGON ((677976.5845466062 6863846.938088611, 677977.3373962875 6863869.207382183, 677981.6887967084 6863870.373576633, 677987.6270633298 6863871.965058205, 677988.3536370068 6863872.159783145, 677993.871502963 6863851.571068943, 677976.5845466062 6863846.938088611))","0.0","0.0",""
"77390-New17Section-121","321.7322990682469","72.72631661418501","true","52.36828217393666","7","POLYGON ((673248.789811128 6855914.3983646035, 673251.43 6855919.67, 673257.48 6855931.74, 673258.2694591396 6855933.313698715, 673271.8616090529 6855926.512021058, 673262.3933045259 6855907.59101053, 673248.789811128 6855914.3983646035))","0.0","0.0",""
"77243-New3Section-12","285.07471488621286","70.13998213920193","true","13.101080162243246","5","POLYGON ((678064.4068266503 6863916.753226571, 678077.3089612188 6863933.077542518, 678087.35267617 6863925.139362304, 678073.5448671211 6863907.669149427, 678063.501152169 6863915.6073296415, 678064.4068266503 6863916.753226571))","0.0","0.0",""
"77243-New1Section-67","281.0193354704497","81.2553883894771","true","26.275232263584854","4","POLYGON ((677966.92 6863702.09, 677964.49 6863700.96, 677960.0612875324 6863698.903489933, 677960.0612875049 6863698.903489923, 677954.2375437041 6863714.1549538085, 677972.7136542925 6863721.2100231005, 677974.5352065472 6863716.439665857, 677978.0402970567 6863707.260388205, 677977.71 6863707.11, 677974.8 6863705.75, 677971.85 6863704.39, 677971.85 6863704.38, 677970.79 6863708.12, 677970.47 6863709.29, 677969.64 6863709, 677965.73 6863707.68, 677966.12 6863705.43, 677966.36 6863704.44, 677966.92 6863702.09))","0.5492891661500997","21.00491842946412",
"77243-New3Section-103","482.8581688443068","108.87429029504285","true","38.009884862608345","6","POLYGON ((678041.2092904135 6863981.276849686, 678050.65 6863984.26, 678055.9 6863985.91, 678063.81 6863988.41, 678064.72 6863988.7, 678067.03 6863989.42, 678080.29 6863993.6, 678084.6729935326 6863994.975607257, 678084.6729935332 6863994.975607256, 678073.0539559848 6863980.274718893, 678061.2974562175 6863965.399907627, 678041.2092904135 6863981.276849686))","0.2878922635028608","168.2638093574108",
"77243-New1Section-21","309.854171216738","82.44600065540801","true","10.289368027000478","4","POLYGON ((677982.9771343785 6863777.554863996, 677992.1946440679 6863781.074553339, 678003.3724266042 6863751.801708844, 677994.1343713105 6863748.274174198, 677982.956588774 6863777.547018694, 677982.9771343785 6863777.554863996))","0.0","0.0",""
"77243-New3Section-13","316.5435504725665","71.8399180599121","true","15.903756811214452","6","POLYGON ((677849.4368615914 6864003.012737518, 677834.9504893045 6863997.480037478, 677827.6673710158 6864016.5495626945, 677842.1537433024 6864022.082262735, 677849.4368615914 6864003.012737518))","0.0","0.0",""
"77243-New1Section-92","374.57311016854607","77.43362782642686","true","20.04956546517562","5","POLYGON ((677879.3334185528 6863737.4596786415, 677893.4490279565 6863742.84969847, 677900.2055275278 6863725.155494752, 677881.7301334739 6863718.100699069, 677874.9736339021 6863735.794902787, 677879.3334185528 6863737.4596786415))","0.0","0.0",""
"77243-New1Section-133","299.9073839717013","80.45311313320536","true","10.305814208184048","5","POLYGON ((677976.127965787 6863739.989021631, 677985.3660210813 6863743.516556276, 677996.0740985505 6863715.473795056, 677989.57 6863712.51, 677987.0575883355 6863711.3660688875, 677976.127965787 6863739.989021631))","0.0","0.0",""
"77243-newSection0ConsolidationDivision-4","3054.88459436913","230.2271890655399","true","73.60826084312647","4","POLYGON ((677722.2271680961 6863767.915309921, 677721.98 6863768.93, 677711.2501798895 6863807.955035487, 677782.240483311 6863827.3919289755, 677793.2042122453 6863787.348573068, 677722.2271680961 6863767.915309921))","0.0","0.0",""
"77243-New1Section-89","325.25940531383105","72.44652887613175","true","16.842035358816098","5","POLYGON ((677923.6583931544 6863719.175079669, 677942.1337872073 6863726.229875352, 677948.0007727786 6863710.86516811, 677929.525378725 6863703.810372425, 677923.6583931544 6863719.175079669))","0.27116023182472204","68.75538272286029",
"77243-New6Section-96","540.1233639091798","102.95637256079505","true","19.40794318065568","5","POLYGON ((677841.1280015347 6863785.0548749305, 677835.89 6863798.764999998, 677870.2699999986 6863811.899999998, 677870.2700028069 6863811.899992647, 677875.5039425424 6863798.188324179, 677841.1280015347 6863785.0548749305))","0.0","0.0",""
"77243-New8Section-112","373.590241850745","85.26888704928855","true","12.787866668395832","4","POLYGON ((677712.842556216 6863956.748632947, 677711.26 6863961.4, 677710.1 6863964.8, 677706.81 6863974.42, 677703.22 6863984.97, 677703.2200000001 6863984.97, 677703.23 6863984.97, 677714.55 6863990.08, 677724.4083901742 6863961.009729669, 677712.842556216 6863956.748632947))","0.0","0.0",""
"77243-New5Section-17","279.88021445190356","73.48865499897623","false","0.0","7","POLYGON ((677995.0752509515 6863847.079545679, 677988.3536370068 6863872.159783145, 677998.7652045579 6863874.95012904, 678005.4868185022 6863849.869891573, 678000.6528333927 6863848.574362303, 677995.0752509515 6863847.079545679))","0.0","0.0",""
"77243-New1Section-131","427.7152368462045","87.2485663889005","true","45.4067000090228","3","POLYGON ((677993.5107959155 6863781.577123533, 678014.4699999983 6863778.18, 678014.4699999997 6863778.179999996, 678014.31 6863775.01, 678014.31 6863775, 678013.5 6863758.77, 678013.3441191578 6863755.6093815435, 678003.3724266044 6863751.801708843, 677992.1946440679 6863781.074553339, 677993.5107959155 6863781.577123533))","0.0","0.0",""
"77243-New4Section-73","276.1713189376217","67.98423795604049","true","13.851116921542458","6","POLYGON ((677651.477629847 6863693.923096707, 677648.4044722123 6863707.016448086, 677668.0035551728 6863712.3480323795, 677671.5317003168 6863699.378452314, 677651.477629847 6863693.923096707))","0.0","0.0",""
"77243-New3Section-43","286.7031454827271","72.44147338569655","true","14.465076841598771","4","POLYGON ((677847.8700000013 6863920.190000001, 677847.869999999 6863920.190000003, 677840.7823542218 6863938.747715878, 677840.7823542198 6863938.747715884, 677849.1433337737 6863948.937161405, 677849.1433337765 6863948.937161406, 677850.6465699081 6863948.870261684, 677858.765569475 6863923.705241527, 677847.8700000013 6863920.190000001))","0.0","0.0",""
"77243-New3Section-15","231.42480166856382","74.544443221981","true","29.395366810547475","5","POLYGON ((678043.2988344841 6863848.713983897, 678036.6700028782 6863840.320003645, 678024.0400000017 6863824.3400000045, 678019.2550810282 6863842.312781489, 678043.2988344841 6863848.713983897))","0.0","0.0",""
"77390-New21Section-136","413.2877748069056","88.7961925413577","true","114.64841869679817","6","POLYGON ((674755.5753139878 6855101.7611527, 674746.262429362 6855083.186502077, 674738.6547380914 6855086.884026097, 674728.3937494198 6855091.871117547, 674737.4759710636 6855110.557876021, 674755.5753139878 6855101.7611527), (674742.98 6855093.81, 674743.36 6855090.82, 674744.52 6855093.06, 674742.98 6855093.81))","0.0","0.0",""
"77243-New8Section-8","374.7549386338213","85.14956019701273","true","12.94488875775477","5","POLYGON ((677722.7298297826 6863927.689003867, 677721.96 6863929.95, 677716.19 6863946.91, 677712.842556216 6863956.748632947, 677721.1244265963 6863959.799848351, 677724.3462844414 6863960.98684861, 677724.4083901742 6863961.009729669, 677725.2248275796 6863958.602231521, 677726.07 6863956.11, 677727.6 6863951.59, 677727.7809048691 6863951.664307452, 677734.2856610973 6863934.008540551, 677722.7298297826 6863927.689003867))","0.3747767499109522","119.63394824002103",
"77390-New17Section-197","320.3224049601781","72.59570886432937","true","52.2261695984733","7","POLYGON ((673262.3929259396 6855907.590253979, 673271.8616090545 6855926.512021059, 673285.376837154 6855919.748836017, 673284.6 6855918.19, 673278.59 6855906.1, 673275.9549732326 6855900.8036400415, 673262.3929259396 6855907.590253979))","0.0","0.0",""
"77390-New17Section-210","431.01751045542426","83.2691094609186","true","61.824383666564984","8","POLYGON ((673317.8475390086 6856183.675177079, 673337.4489757945 6856185.733032297, 673337.448990332 6856185.733033823, 673337.4489903322 6856185.73303382, 673337.91 6856179.85, 673338.65 6856170.43, 673338.85 6856168.14, 673339.2370889622 6856163.611059142, 673320.1626620321 6856161.609753989, 673317.8475390086 6856183.675177079))","0.0","0.0",""
"77390-New17Section-246","319.23958677429044","72.4912970732851","true","52.13790024969418","5","POLYGON ((673290.7576072833 6855964.368992132, 673304.2334384434 6855957.632785942, 673304.2334389153 6855957.632785707, 673302.64 6855954.43, 673296.63 6855942.35, 673294.8086247559 6855938.689066065, 673281.2918312624 6855945.45303445, 673290.7576072833 6855964.368992132))","0.0","0.0",""
"77243-New1Section-56","317.8052418852407","81.59527257996587","true","13.344035808931508","8","POLYGON ((677954.2375437041 6863714.1549538085, 677948.4137999035 6863729.406417694, 677952.300866801 6863730.890687133, 677956.2134756121 6863732.384709706, 677957.19 6863729.83, 677958.15 6863727.27, 677958.1 6863728.76, 677957.9525731549 6863733.048780945, 677966.8899104916 6863736.461486985, 677972.7136542925 6863721.2100231005, 677954.2375437041 6863714.1549538085))","0.0","0.0",""
"77243-New6Section-100","540.0900200362071","102.95394631525625","true","11.509209652851617","6","POLYGON ((677885.9792431426 6863770.768439026, 677891.2199991095 6863757.060002329, 677891.2199999993 6863757.06, 677891.2198930125 6863757.059959125, 677856.8410621856 6863743.925643033, 677851.6031146686 6863757.634918155, 677885.9792431426 6863770.768439026))","0.0","0.0",""
"77243-New3Section-71","316.54355044857823","71.83991805747196","true","36.11902924795043","4","POLYGON ((677820.4641170184 6863991.947337437, 677813.1809987305 6864011.016862654, 677827.6673710158 6864016.5495626945, 677834.9504893045 6863997.480037478, 677820.4641170184 6863991.947337437))","0.5892694924292361","32.96324079376666",
"77243-New1Section-141","364.8638310192488","77.18984249648074","true","37.74945656808347","7","POLYGON ((677906.9620270756 6863707.461291026, 677892.18 6863702.09, 677891.6 6863703.63, 677887.80921967 6863702.180533837, 677881.7301334739 6863718.100699069, 677900.2055275278 6863725.155494752, 677906.9620270994 6863707.461291035, 677906.9620270756 6863707.461291026))","0.0","0.0",""
"77243-New8Section-51","313.32968252071225","75.82655126106741","true","35.57943416878026","7","POLYGON ((677770.8193162502 6863891.913002959, 677762.44 6863888.8, 677762.16 6863888.7, 677760.99 6863891.98, 677760.85 6863892.38, 677754.8294330843 6863890.119851901, 677746.3691999817 6863905.590135802, 677759.4328119374 6863912.734232382, 677770.8193162531 6863891.91300296, 677770.8193162502 6863891.913002959))","0.0","0.0",""
"77243-New1Section-4","355.31910713498047","75.48169259897293","true","38.13646517444228","5","POLYGON ((677887.8092196691 6863702.180533837, 677869.3700003348 6863695.1300001275, 677869.37 6863695.13, 677862.9341199239 6863711.935053552, 677881.3930182983 6863718.98355039, 677887.8092196691 6863702.180533837))","0.0","0.0",""
"77243-New3Section-6","403.0011867295377","83.99966084447908","true","44.212364524080954","4","POLYGON ((678096.5422430683 6863998.704098823, 678097.26 6863998.93, 678100.4599999947 6863999.929999998, 678100.4600000031 6863999.929999991, 678109.6 6863975.69, 678110.0414344427 6863974.519181393, 678104.9113687393 6863968.028409426, 678084.8371494147 6863983.894328704, 678096.5422430683 6863998.704098823))","0.1285200850053656","207.8198930713359",
"77243-New3Section-119","284.8437674614149","73.43447549177012","true","8.17953303344985","7","POLYGON ((678104.2806396496 6863925.9518238995, 678097.3835002835 6863917.21137053, 678077.30896122 6863933.077542517, 678084.2128657443 6863941.812648956, 678104.2806396496 6863925.9518238995))","0.0","0.0",""
"77243-newSection0ConsolidationDivision-13","2206.9096410887623","293.87237659353946","true","73.56524824179537","8","POLYGON ((677708.0688693874 6863819.525663323, 677705.0900002709 6863830.359999015, 677705.0900000009 6863830.36, 677720.24 6863835.63, 677725.08 6863837.31, 677735.64 6863840.98, 677750.38 6863846.1, 677731.63 6863901.51, 677736.24 6863903.03, 677736.6904342887 6863903.178850411, 677737.71 6863900.48, 677737.78 6863900.51, 677738.28 6863899.04, 677742.28 6863887.45, 677744.96 6863888.35, 677748.75 6863889.61, 677753.6420310329 6863891.1317577455, 677753.9903113353 6863891.239165356, 677754.46 6863889.98, 677754.67 6863890.06, 677760.85 6863892.38, 677760.99 6863891.98, 677762.16 6863888.7, 677762.44 6863888.8, 677765.2350915067 6863889.838405506, 677779.1573581602 6863838.989439612, 677708.0688693874 6863819.525663323))","0.43470027468359684","115.40268500364691",
"77390-New17Section-37","414.4520954527017","81.61818236892012","true","64.26208190739487","7","POLYGON ((673308.1387269116 6856087.322810901, 673305.8901618194 6856108.757209597, 673324.859470801 6856110.706532026, 673327.1052078089 6856088.85274398, 673308.1387269116 6856087.322810901))","0.0","0.0",""
"77243-New4Section-120","294.76460607203836","70.24543453442483","true","33.90459688237483","3","POLYGON ((677722.8320802923 6863699.404464819, 677709.5416799933 6863695.789046197, 677704.8730850687 6863694.519037421, 677702.3232313199 6863693.825394752, 677698.6828267467 6863707.207644252, 677719.1916757193 6863712.786714317, 677722.8320802923 6863699.404464819))","0.0","0.0",""
"77243-New4Section-5","271.7224797741258","67.70047829948845","true","34.8303051995659","3","POLYGON ((677661.6018513856 6863737.676818652, 677669.57 6863740.19, 677681.4561138331 6863743.866262573, 677681.4561138581 6863743.866262579, 677684.9842590019 6863730.896682514, 677664.9302930366 6863725.441355335, 677661.6018513856 6863737.676818652))","0.0","0.0",""
"77243-New3Section-99","284.74775837449846","73.41722938500648","true","11.472949856622577","6","POLYGON ((678111.1777790152 6863934.692277269, 678104.2806396496 6863925.9518238995, 678084.2128657443 6863941.812648956, 678091.1167702693 6863950.547755394, 678109.4905232453 6863936.025821723, 678111.1777790152 6863934.692277269))","0.0","0.0",""
"77243-New3Section-85","369.62966638533504","88.06343230380917","true","5.654423596346205","6","POLYGON ((677967.4974741867 6863958.10671685, 677970.69 6863959.06, 677974.83 6863960.29, 677975.49 6863960.49, 677975.78 6863963.49, 677974.14 6863969.22, 677979.47 6863970.6, 677980.5983874241 6863972.208215722, 677981.6096787577 6863971.408928516, 677982.4249747831 6863970.764548741, 677983.09 6863968.41, 677984.29 6863968.78, 677986.97 6863964.17, 677989.6793900359 6863965.030927675, 677996.2604892622 6863959.829470651, 677984.3632706866 6863944.776616111, 677967.4974741867 6863958.10671685))","0.0","0.0",""
"77243-New2Section-9","579.3847125563694","136.04362308800734","true","22.956909535162467","6","POLYGON ((677972.9173133805 6863809.12974292, 677990.57 6863806.46, 677995.398114228 6863805.729313243, 677992.1333599678 6863784.156160749, 677969.7705806001 6863787.768774157, 677972.4953570076 6863806.265376122, 677972.3662593162 6863805.389022156, 677949.9167792419 6863808.694167868, 677950.4804864391 6863812.523025835, 677972.9173133805 6863809.12974292))","0.0","0.0",""
"77243-New3Section-128","317.0562912348514","72.16425692749318","true","34.65000143943355","3","POLYGON ((677822.9616345756 6863985.408040375, 677837.1039872234 6863990.809350898, 677844.5763551735 6863971.244309741, 677830.434002526 6863965.842999219, 677822.9616345756 6863985.408040375))","0.5558601458523484","35.64451310170842",
"77243-New4Section-94","285.67492774920333","69.39010245541166","true","34.99592485424697","4","POLYGON ((677692.0405492901 6863704.957522381, 677695.5686944338 6863691.987942316, 677675.0598454615 6863686.40887225, 677671.5317003177 6863699.378452314, 677692.0405492901 6863704.957522381))","0.0","0.0",""
"77243-New4Section-142","410.6181550886125","81.17679974616917","true","40.71906641008073","4","POLYGON ((677681.4925519438 6863661.025033776, 677676.4573373242 6863679.534651859, 677690.6092830452 6863683.3844386935, 677697.1128398218 6863685.1536164265, 677702.1480544414 6863666.6439983435, 677681.4925519438 6863661.025033776))","0.0","0.0",""
"77243-New2Section-16","251.29306556719317","65.58179356323173","true","29.934872865448092","5","POLYGON ((677951.5111804528 6863790.718503827, 677941.35 6863792.36, 677935.7720581464 6863810.776637668, 677954.0691587309 6863808.082829911, 677951.5111804528 6863790.718503827))","0.0","0.0",""
"77243-New5Section-46","497.71871937990045","90.26755886104488","true","26.36532978430998","9","POLYGON ((678009.1760082645 6863877.74027022, 677990.6604511443 6863872.7780194795, 677984.9878131181 6863893.939540796, 677983.9377221242 6863897.856858075, 678002.453004132 6863902.82013511, 678009.1760082645 6863877.74027022))","0.0","0.0",""
"77243-New3Section-52","618.2795959185224","116.84593751873575","true","29.516444947362373","3","POLYGON ((677950.4001471105 6863922.707860071, 677928.377596982 6863915.657692485, 677937.6823235584 6863932.759556658, 677946.9870501349 6863949.861420831, 677962.0173055511 6863937.982063766, 677972.0374449377 6863930.062516804, 677954.78 6863924.11, 677950.4001471105 6863922.707860071))","0.0","0.0",""
"77243-newSection0ConsolidationDivision-1","2965.096837538216","226.17072536688283","true","77.72574172173334","5","POLYGON ((677739.9924807396 6863717.292544156, 677809.2181215505 6863736.246279276, 677809.2181219701 6863736.2462793905, 677820.0776873608 6863696.326152224, 677750.8211139119 6863677.486124863, 677739.9924807396 6863717.292544156))","0.44069426839140446","63.08067125113798",
"77243-New3Section-70","407.6202605181947","103.83994790689059","true","51.81243656743449","4","POLYGON ((677851.2463398721 6863996.21066142, 677879.5310451693 6864007.013282465, 677879.5310451703 6864007.013282462, 677881.6756251783 6863999.619128599, 677880.4899977037 6863998.174215777, 677875.76 6863996.73, 677875.13 6863996.54, 677868.91 6863994.65, 677868.38 6863994.49, 677866.17 6863993.82, 677867.98 6863988.51, 677869.309676538 6863984.548865698, 677860.0228137725 6863973.231055195, 677851.2463398721 6863996.21066142))","0.5354774557216634","44.35367821080484",
"77390-AE-Densifyed-3","3392.964894980709","229.36122744001236","true","72.35184142095574","3","POLYGON ((674067.55 6854812.97, 674067.78 6854820.91, 674068.79 6854829.81, 674070.51 6854839.6, 674072.71 6854848.68, 674074.91 6854855.21, 674077.76 6854862.03, 674080.41 6854867.42, 674082.89 6854872.2, 674085.5528792152 6854876.65624685, 674130.18 6854849.83, 674132.31 6854848.83, 674133.9171516759 6854848.421163171, 674124.89 6854805.19, 674067.8 6854808.07, 674067.55 6854812.97))","0.0","0.0",""
"77243-New3Section-127","284.88723434140434","73.44228010882978","true","11.52351207924975","5","POLYGON ((678098.0074642134 6863959.293302987, 678091.1035596894 6863950.558196549, 678071.0293403645 6863966.424115828, 678077.933244889 6863975.159222266, 678098.0074642134 6863959.293302987))","0.0","0.0",""
"77243-New3Section-30","366.65457126301135","77.46707462786827","true","35.61991625446247","3","POLYGON ((678013.7841314335 6863917.596039443, 678027.5919404834 6863935.06625232, 678039.3355361494 6863925.784549363, 678040.5098662311 6863924.856402371, 678026.7020571809 6863907.386189494, 678018.5470405445 6863913.83161253, 678013.7841314335 6863917.596039443))","0.0","0.0",""
"77243-New3Section-47","413.1840506686405","90.34860607380519","true","16.629614934476777","5","POLYGON ((677888.4461099814 6863928.30550305, 677886.8 6863932.75, 677868.2692456833 6863926.771416023, 677863.9678975312 6863948.277411971, 677889.2847934919 6863947.150713874, 677888.4461099814 6863928.30550305))","0.0","0.0",""
"77390-AH-Densifyed-1","3733.307026512858","267.891298087484","true","114.30007959953889","3","POLYGON ((673823.334 6854620.362, 673834.491 6854633.79, 673840.731 6854641.433, 673847.183 6854649.234, 673853.857 6854657.403, 673860.079 6854665.126, 673866.452 6854673.007, 673872.369 6854680.183, 673878.529 6854687.756, 673878.5290000001 6854687.756, 673890.2749632493 6854688.518805879, 673907.1562889977 6854625.042136429, 673875.694 6854619.272, 673832.763 6854603.213, 673827.826000004 6854600.846000002, 673827.8260000004 6854600.846000001, 673827.8259999962 6854600.846000017, 673823.334 6854620.362))","0.0","0.0",""
"77243-New1Section-65","479.05685272367276","94.64616500364883","true","14.86217400235229","6","POLYGON ((677960.8248786835 6863769.096065369, 677973.7185334791 6863774.019484049, 677985.3660210813 6863743.516556276, 677979.8697947508 6863741.417832228, 677971.6592971187 6863738.282668611, 677960.0118095165 6863768.785596384, 677960.8248786835 6863769.096065369))","0.0","0.0",""
"77243-New8Section-25","329.71812560939395","82.07586969583677","true","13.21597261801489","4","POLYGON ((677759.7148776354 6863939.936651891, 677769.8204827872 6863945.463103492, 677771.3834476479 6863946.317841979, 677775.05 6863936.3, 677777.27 6863930.27, 677781.7599444741 6863918.017268384, 677774.017451421 6863913.783131735, 677759.7148776354 6863939.936651891))","0.0","0.0",""
"77243-New3Section-111","366.65457126088836","77.46707462770476","true","16.83040605319776","5","POLYGON ((678040.5098662311 6863924.856402371, 678053.4277919785 6863914.646552422, 678039.6199829286 6863897.176339545, 678026.7020571809 6863907.386189494, 678040.5098662311 6863924.856402371))","0.0","0.0",""
"77243-New4Section-27","357.6914206443384","77.45842220985097","true","35.727671972836134","4","POLYGON ((677737.154846291 6863646.174498099, 677724.97 6863646.97, 677714.5691148647 6863647.651119911, 677713.2576482951 6863652.472115075, 677711.1481858557 6863660.226569864, 677731.8036883548 6863665.845534431, 677737.154846291 6863646.174498099))","0.0","0.0",""
"77243-New5Section-57","337.30671856378734","75.2541160944981","true","36.45064934412932","5","POLYGON ((677999.3893689192 6863830.98235474, 677990.32 6863832.31, 677976.1600000005 6863834.38, 677976.16 6863834.380000002, 677976.5845466062 6863846.938088611, 677993.871502963 6863851.571068943, 677999.3893689192 6863830.98235474))","0.32749023586508585","67.60798942954521",
"77243-New3Section-144","331.68992220514735","72.86424592915144","true","26.31640464295344","7","POLYGON ((678016.6999981091 6863851.910007114, 678014.85 6863858.87, 678014.4728671301 6863860.286283151, 678021.3065870184 6863862.105634039, 678031.7045350404 6863864.873894412, 678036.4894540145 6863846.901112927, 678019.2550810282 6863842.312781489, 678016.6999981091 6863851.910007114))","0.0","0.0",""
"77243-New4Section-108","244.44287850355437","66.01105607563981","true","29.013184961875154","4","POLYGON ((677684.5741893392 6863649.696831193, 677666.09 6863651.04, 677665.22 6863651.47, 677664.7 6863651.72, 677663.58 6863652.31, 677662.88 6863652.87, 677662.13 6863653.62, 677661.88 6863653.99, 677661.63 6863654.38, 677660.91 6863655.69, 677660.61 6863656.49, 677660.330000004 6863657.269999988, 677660.329999991 6863657.270000036, 677659.8961320759 6863659.006535098, 677680.5157633316 6863664.615741527, 677684.5741893392 6863649.696831193))","0.0","0.0",""
"77243-New3Section-59","483.57953468865674","101.75074995108089","true","41.16009132421787","7","POLYGON ((677854.8092682286 6864027.483512386, 677855.61 6864025.11, 677857.5 6864019.54, 677866.14 6864021.91, 677874.5399999984 6864024.21, 677874.540000005 6864024.209999982, 677875.66 6864020.36, 677877.5744826299 6864013.759183485, 677849.436861592 6864003.012737518, 677841.9644936416 6864022.577778675, 677854.8092682286 6864027.483512386))","0.5376537209480527","43.19738105622764",
"77390-AE-Densifyed-1","4105.099446012993","272.64199422366397","true","59.59432702196605","4","POLYGON ((674185.815489609 6854802.116200908, 674183.743 6854792.073, 674177.667 6854763.542, 674181.784 6854744.599, 674188.2939999993 6854728.294000002, 674188.2939999993 6854728.294, 674186.945 6854728.375, 674169.5610000311 6854727.791000001, 674169.5609995102 6854727.790999988, 674129.886 6854726.846, 674129.0580734918 6854726.825052036, 674127.1485715477 6854805.075174283, 674185.815489609 6854802.116200908))","0.0","0.0",""
"77390-New17Section-141","286.63472058158624","68.80974931290622","true","40.084765757333386","4","POLYGON ((673329.5562888309 6856042.123439707, 673345.3441133489 6856039.52822672, 673345.3441133567 6856039.528226716, 673345.3441096873 6856039.528219376, 673345.01 6856038.86, 673338.95 6856026.81, 673335.8372488406 6856020.625522408, 673322.2141132131 6856027.435362145, 673329.5562888309 6856042.123439707))","0.0","0.0",""
"77390-New17Section-174","536.73416095521","101.6174858819395","true","79.55780084808794","6","POLYGON ((673299.1610240506 6856015.304051841, 673299.64 6856016.27, 673305.64 6856028.36, 673311.65 6856040.45, 673313.7684642491 6856044.718652588, 673313.7684643022 6856044.7186526945, 673329.5562888298 6856042.123439707, 673312.7535815139 6856008.509497307, 673299.1610240506 6856015.304051841))","0.0","0.0",""
"77243-New3Section-107","285.0747148673017","70.13998213727955","true","13.181385105185264","5","POLYGON ((678063.501152168 6863915.607329641, 678053.4574372169 6863923.545509855, 678067.2652462665 6863941.015722731, 678077.3089612176 6863933.077542516, 678063.501152168 6863915.607329641))","0.0","0.0",""
"77243-newSection0ConsolidationDivision-7","1860.6369991684226","371.67862320828294","true","10.281752925769258","14","POLYGON ((678006.8573590199 6863888.8912334405, 678013.46 6863864.09, 678014.85 6863858.87, 678016.7 6863851.91, 678022.4988313088 6863830.128831174, 678024.04 6863824.33, 678017.988012878 6863816.670293795, 678014.27 6863817.22, 678007.6 6863818.2, 678005.61 6863818.49, 677989.9 6863820.81, 677953.9308384345 6863826.105593473, 677950.6401331325 6863838.1243951395, 677951.42 6863838.01, 677952.5564059077 6863874.023824987, 677970.8390467736 6863879.029547263, 677977.66 6863878.75, 677976.16 6863834.38, 677990.32 6863832.31, 678006.1 6863830, 678022.62 6863827.58, 678016.14 6863851.75, 678012.87 6863863.96, 678006.2326863628 6863888.720200348, 678006.8573590028 6863888.891233503, 678006.8573590199 6863888.8912334405))","0.6673613281574502","45.26719783064411",
"77243-New1Section-106","528.7220443463732","123.10894431683064","true","5.97686167382926","8","POLYGON ((677905.1829990988 6863712.120283985, 677893.4490279566 6863742.849698471, 677893.781657648 6863742.976712515, 677896.009738637 6863743.827501196, 677899.37 6863735.02, 677911.75 6863740.96, 677911.81 6863740.99, 677909.32 6863747.52, 677909.04 6863748.23, 677908.8489703123 6863748.730138506, 677911.9244220102 6863749.904494154, 677923.658393153 6863719.175079668, 677905.1829990988 6863712.120283985))","0.5705701778017294","35.71257774160187",
"77243-New3Section-32","480.96840956296455","89.32061569670057","true","41.797194698774575","4","POLYGON ((677897.0240184814 6863963.605406359, 677898.43 6863963.16, 677898.44 6863963.16, 677901.07 6863963.01, 677902.24 6863963.16, 677906.04 6863963.65, 677910.08 6863964.17, 677919.2236261471 6863965.3906928925, 677921.6176727852 6863943.295910849, 677896.1705689724 6863944.428403691, 677897.0240184814 6863963.605406359))","0.0","0.0",""
"77243-New7Section-91","228.37689402525868","82.66753780608914","true","36.20798596524805","6","POLYGON ((677952.6206326644 6863876.059234307, 677951.4912653287 6863840.268468614, 677951.4912653286 6863840.268468614, 677939.7031326643 6863871.124234308, 677952.6206326644 6863876.059234307))","0.0","0.0",""
"77243-New6Section-66","540.0489777728471","102.94706506742801","true","4.586572736339942","7","POLYGON ((677817.2256199461 6863744.500196389, 677811.9950512403 6863758.213206748, 677811.9950929157 6863758.21322267, 677846.365088061 6863771.344400281, 677851.6031146985 6863757.634918077, 677817.2256199461 6863744.500196389))","0.54968323432374","48.23770313514478",
"77390-AK-Densifyed-2","4035.952286544846","494.88462059283984","true","55.789635033660616","7","POLYGON ((674236.1377164576 6855273.838705538, 674239.935 6855278.105, 674259.343 6855295.82, 674266.842 6855295.058, 674273.761 6855289.514, 674293.36 6855300.262, 674292.492 6855308.763, 674295.259 6855316.905, 674304.271 6855294.004, 674294.032 6855289.842, 674269.693 6855279.903, 674249.782 6855255.975, 674268.703 6855240.616, 674318.967 6855199.698, 674340.415 6855189.043, 674337.61 6855183.57, 674318.611 6855193.014, 674308.45 6855180.228, 674298.097 6855188.67, 674288.217 6855176.13, 674275.691 6855186.32, 674269.0684275859 6855178.208991871, 674236.1377164576 6855273.838705538))","0.7337053071693708","50.54164130713975",
"77243-New3Section-145","351.91919922574243","84.99701925708526","true","4.988463970211473","8","POLYGON ((678004.9031180561 6863896.231869785, 678002.8862822669 6863903.80762854, 678006.8802269087 6863908.860933004, 678032.7160784019 6863888.441233106, 678025.8121738764 6863879.706126668, 678004.9031180561 6863896.231869785))","0.0","0.0",""
"77243-New3Section-10","307.719335411312","70.7435285053372","true","15.945842683503288","6","POLYGON ((677820.7903125078 6864034.555893977, 677834.8706249995 6864041.151787948, 677834.8706250144 6864041.151787953, 677842.1537433024 6864022.082262736, 677827.6673710165 6864016.549562695, 677820.7903125078 6864034.555893977))","0.4501478656350626","50.74983868796101",
"77243-New1Section-34","355.7249307477324","75.52592821915175","true","19.73204076641347","5","POLYGON ((677862.9341199239 6863711.935053552, 677856.4982400453 6863728.740106586, 677856.4982398478 6863728.740107103, 677874.9736339013 6863735.794902787, 677881.3930182983 6863718.98355039, 677862.9341199239 6863711.935053552))","0.0","0.0",""
"77243-New7Section-53","317.17458828674853","75.55643267148308","true","35.31447277050994","5","POLYGON ((677936.728828801 6863840.167291062, 677935.28 6863840.38, 677921.05 6863842.47, 677914.2431602265 6863860.28188858, 677927.1591101084 6863865.216296373, 677936.728828801 6863840.167291062))","0.0","0.0",""
"77243-New3Section-72","366.6545712603271","88.13014219902854","true","11.536234874052983","7","POLYGON ((678013.7841314347 6863917.596039442, 678039.6199829276 6863897.176339544, 678032.7160784019 6863888.441233106, 678006.8802269087 6863908.860933004, 678013.7841314347 6863917.596039442))","0.0","0.0",""
"77243-New6Section-29","540.0368051903863","102.94561961962228","true","52.06997742519882","7","POLYGON ((677811.9950512398 6863758.213206749, 677811.55 6863759.38, 677806.7530575854 6863771.921806611, 677841.1280015346 6863785.05487493, 677846.3660030689 6863771.344749864, 677811.9950512398 6863758.213206749))","0.0","0.0",""
"77243-New3Section-11","285.07471493854086","73.47595723200635","true","11.522002624831893","6","POLYGON ((678091.1167702684 6863950.547755395, 678084.2128657429 6863941.812648956, 678064.1254358385 6863957.689009387, 678071.029340364 6863966.424115826, 678091.1167702684 6863950.547755395))","0.0","0.0",""
"77243-newSection0ConsolidationDivision-12","2804.777357707944","230.16294462198616","true","143.50045874539606","3","POLYGON ((677794.5600349641 6863939.897231576, 677793.6 6863942.51, 677792.66 6863945.08, 677789.05 6863954.89, 677788.13 6863957.4, 677782.06 6863973.93, 677767.78 6864012.79, 677792.64 6864021.38, 677804.1716415754 6864026.777789674, 677825.6300801012 6863948.404099823, 677794.5600349641 6863939.897231576))","0.49331683121293557","112.40309004068372",
"77243-New4Section-121","296.87239225527094","70.54940050380424","true","35.50745069217258","3","POLYGON ((677703.8673767084 6863686.991068864, 677724.5228792068 6863692.61003343, 677728.1632837798 6863679.227783931, 677707.5077812816 6863673.6088193655, 677703.8673767084 6863686.991068864))","0.0","0.0",""
"77243-New5Section-26","279.86237061404063","73.48577820153226","true","26.365331047623172","7","POLYGON ((677998.7652045579 6863874.95012904, 678009.1760082645 6863877.74027022, 678012.8699925366 6863863.960027842, 678012.8700024008 6863863.959991036, 678015.8963709628 6863852.659697414, 678005.4868185022 6863849.869891573, 677998.7652045579 6863874.95012904))","0.0","0.0",""
"77243-New4Section-82","286.90415812490875","69.50577213495721","true","13.883688995380812","5","POLYGON ((677712.0079447497 6863739.194350677, 677715.5512711452 6863726.168963818, 677696.5956290485 6863721.012416245, 677695.0424221717 6863720.589893753, 677691.4990957761 6863733.6152806105, 677712.0079447497 6863739.194350677))","0.0","0.0",""
"77243-New4Section-41","292.72603853223677","76.36534029026532","true","10.694236662265482","5","POLYGON ((677718.6231757432 6863755.361683241, 677728.77 6863758.5, 677728.77 6863758.509999999, 677728.7700000049 6863758.51, 677728.7799999998 6863758.51, 677729.248869634 6863756.7864194745, 677736.0601201196 6863731.748033885, 677725.8056956334 6863728.958498852, 677718.6231757432 6863755.361683241))","0.0","0.0",""
"77243-New8Section-105","414.3353082823102","84.2159911431534","true","26.106341192080258","6","POLYGON ((677739.8400671313 6863956.617660136, 677740.99 6863957.09, 677763.9599999998 6863966.52, 677764.5957836467 6863964.794301529, 677768.44 6863954.36, 677768.9503478413 6863952.96561543, 677745.8414924123 6863940.328077235, 677739.8400671313 6863956.617660136))","0.3580612746200935","120.14198379585876",
"77243-New1Section-88","325.2594053226069","72.44652887734986","true","16.731325467294216","5","POLYGON ((677923.6583931523 6863719.17507967, 677917.7914075811 6863734.5397869125, 677936.2668016353 6863741.594582597, 677942.1337872064 6863726.229875354, 677923.6583931523 6863719.17507967))","0.38624784200759843","52.37434524296459",
"77243-New3Section-143","276.74408475781394","68.6295367267887","true","17.79013561536328","4","POLYGON ((677915.1711912492 6863932.92014613, 677895.3817910675 6863926.704571376, 677896.1705689724 6863944.428403691, 677915.644782054 6863943.561727189, 677915.1711912492 6863932.92014613))","0.0","0.0",""
"77390-New17Section-18","419.44045194307296","82.12277210285994","true","64.4654086804637","5","POLYGON ((673305.8901618194 6856108.757209597, 673303.5981002846 6856130.606237202, 673303.59810028 6856130.606237247, 673322.6137337927 6856132.560320073, 673324.7638439602 6856111.637099007, 673324.859470801 6856110.706532026, 673305.8901618194 6856108.757209597))","0.0","0.0",""
"77243-New4Section-109","294.76460609101076","70.24543453622216","true","11.618648052779202","5","POLYGON ((677695.0424221738 6863720.589893752, 677715.5512711462 6863726.168963818, 677719.1916757193 6863712.786714317, 677698.6828267467 6863707.207644252, 677695.0424221738 6863720.589893752))","0.0","0.0",""
"77243-New1Section-101","272.4180979001279","81.98877253723349","true","40.05303690490095","3","POLYGON ((677948.4137999035 6863729.406417694, 677937.1767091473 6863758.834581039, 677936.7663123015 6863759.909345467, 677942.9482448559 6863762.269905192, 677944.5554321568 6863762.883606745, 677956.2134756121 6863732.384709706, 677948.4137999035 6863729.406417694))","0.0","0.0",""
"77243-newSection0ConsolidationDivision-3","2902.6085010264933","230.038980896647","true","84.35714716289169","5","POLYGON ((677736.8425580283 6863728.871765853, 677728.78 6863758.51, 677728.77 6863758.51, 677728.77 6863758.5, 677726.37 6863767.32, 677722.5500000012 6863766.59, 677722.5499999919 6863766.590000033, 677722.549999991 6863766.590000037, 677722.2271680961 6863767.915309921, 677793.2042122453 6863787.348573068, 677804.1679411799 6863747.30521716, 677753.3047037697 6863733.379043015, 677736.8425580283 6863728.871765853))","0.6084914833383757","43.76791319713816",
"77243-New3Section-139","246.75004091250833","62.22831809436191","true","11.449697919568239","5","POLYGON ((678031.7045350404 6863864.873894412, 678041.3346529199 6863867.4377342835, 678051.6480253742 6863859.286426768, 678043.2988344844 6863848.713983898, 678036.4894540145 6863846.901112927, 678031.7045350404 6863864.873894412))","0.0","0.0",""
"77243-New1Section-87","335.6687972357065","115.93636421495398","true","10.186668796802138","8","POLYGON ((677935.0971808189 6863689.218704017, 677925.7006696543 6863686.107215282, 677917.8273054583 6863706.726310801, 677921.99 6863708.1, 677922.32 6863708.39, 677923.82 6863709.56, 677923.97 6863709.88, 677922.48 6863713.1, 677916.256973556 6863710.838761678, 677906.9620270999 6863707.461291035, 677905.1829990994 6863712.120283984, 677914.4206961265 6863715.647681826, 677920.9162938931 6863718.128014043, 677923.6583931531 6863719.175079668, 677935.0971808189 6863689.218704017))","0.4310213011745361","42.523235757344686",
"77243-New3Section-0","366.4502692631587","77.44884268675682","true","35.10615296417215","3","POLYGON ((678079.2493382683 6863894.238158829, 678078.84 6863893.72, 678065.4486406595 6863876.762326176, 678065.4486402475 6863876.762325655, 678052.5343115878 6863886.969332599, 678066.3421206381 6863904.439545477, 678079.2493382683 6863894.238158829))","0.0","0.0",""
"77243-New4Section-83","510.9879201905719","89.32342221901354","true","42.16915561412284","5","POLYGON ((677648.4044722079 6863707.016448104, 677647.5 6863710.87, 677644.85 6863722.21, 677644.3 6863726.17, 677644.37 6863728.71, 677644.69 6863729.5, 677645.16 6863730.51, 677645.66 6863731.14, 677646.49 6863732.05, 677647.17 6863732.82, 677648.25 6863733.4, 677649.24 6863733.77, 677650.54 6863734.19, 677657.3 6863736.32, 677661.6018513845 6863737.676818652, 677668.4584381793 6863712.471775269, 677648.4044722121 6863707.016448089, 677648.4044722079 6863707.016448104))","0.0","0.0",""
"77243-New1Section-86","325.25940530063457","72.44652887512724","true","33.3345418709082","3","POLYGON ((677911.9244220105 6863749.904494154, 677922.1675542351 6863753.8158156015, 677930.3998160645 6863756.959289839, 677936.2668016353 6863741.594582597, 677917.7914075811 6863734.5397869125, 677916.4543518027 6863738.041324517, 677911.9244220105 6863749.904494154))","0.0","0.0",""
"77390-New17Section-227","410.51026282530546","81.37395930196438","true","60.01072057461759","8","POLYGON ((673345.1091725781 6856090.305035446, 673345.32 6856087.65, 673345.48 6856085.54, 673346.44 6856073.19, 673346.8294812272 6856068.198771398, 673328.4067471465 6856066.71269971, 673326.6239497392 6856088.813923249, 673345.1091725659 6856090.305035597, 673345.1091725781 6856090.305035446))","0.0","0.0",""
"77243-New3Section-61","366.5780346496807","88.11639488094076","true","11.534394756593276","7","POLYGON ((678065.4486402477 6863876.762325655, 678058.548337963 6863868.02437214, 678032.7160784025 6863888.441233104, 678039.6199829272 6863897.1763395425, 678059.5344234753 6863881.436703492, 678065.4486402477 6863876.762325655))","0.0","0.0",""
"77243-New7Section-97","471.108284602224","95.79891128441875","true","10.872864656653958","6","POLYGON ((677914.2431602265 6863860.28188858, 677902.0800061675 6863892.109983861, 677902.0800000015 6863892.110000001, 677904.9601222088 6863893.21032151, 677914.9975000011 6863897.045000001, 677927.1575599918 6863865.215704166, 677914.2431602265 6863860.28188858))","0.0","0.0",""
"77243-New4Section-50","296.8723922507048","76.88040087079813","true","10.852882090017221","5","POLYGON ((677752.459190852 6863671.464498999, 677747.5129883267 6863670.118971978, 677742.1314396034 6863668.655016716, 677734.8506304572 6863695.419515714, 677740.2321791808 6863696.883470977, 677745.1783817058 6863698.228997997, 677752.459190852 6863671.464498999))","0.0","0.0",""
"77390-New17Section-262","320.8636378997995","72.64667792634573","true","36.91950921260886","7","POLYGON ((673312.7451422882 6856008.513715849, 673326.3292605246 6856001.723379858, 673326.3292603464 6856001.723379502, 673320.76 6855990.64, 673316.8291821711 6855982.8172833305, 673303.2846105896 6855989.587851011, 673312.7451422882 6856008.513715849))","0.0","0.0",""
"77243-newSection0ConsolidationDivision-14","4738.797541905509","354.9665147481494","true","105.38203482083898","6","POLYGON ((677806.44 6863907.56, 677804.09 6863913.96, 677801.68 6863920.52, 677798.71371912 6863928.592836207, 677828.7990054422 6863936.8300809795, 677850.257443968 6863858.456391129, 677779.1573581602 6863838.989439612, 677765.2350915067 6863889.838405506, 677776.41 6863893.99, 677775.27 6863897.85, 677776.32 6863898.19, 677776.5671205414 6863898.2802841235, 677781.1782134015 6863899.7743388815, 677781.18 6863899.77, 677784.14 6863892.15, 677783.29 6863891.84, 677784.53 6863888.48, 677784.76 6863888.57, 677800.86 6863894.59, 677801.45 6863894.81, 677797.88 6863904.34, 677797.68 6863904.86, 677787.71 6863901.78, 677787.706707389 6863901.788985296, 677787.71 6863901.79, 677806.44 6863907.56))","0.6418437416267282","48.900419312145914",
"77390-New17Section-254","303.39653172782727","71.4019407978658","true","65.67238675033111","5","POLYGON ((673317.023528688 6856051.277526191, 673317.66 6856052.56, 673311.06 6856055.94, 673310.47 6856065.1, 673310.2139103325 6856067.541169282, 673328.222737676 6856068.993853141, 673329.8215256138 6856049.173783032, 673317.023528688 6856051.277526191))","0.0","0.0",""
"77243-newSection0ConsolidationDivision-11","5232.624889566485","565.2960722221444","true","154.52155104873643","18","POLYGON ((677840.5466500864 6863939.364864436, 677847.87 6863920.19, 677886.8 6863932.75, 677889.7 6863924.92, 677916.8802836488 6863933.456948229, 677920.9595789505 6863917.487304751, 677921.95 6863913.6, 677954.78 6863924.11, 677993.8899999998 6863937.6, 677993.8900000011 6863937.599999995, 677993.8900000106 6863937.59999996, 678003.7701415409 6863900.487623675, 678003.1255740166 6863900.311143371, 677995.73 6863927.9, 677979.1 6863921.54, 677978.22 6863895.59, 677969.68 6863895.89, 677969.5205789336 6863891.110214814, 677952.9524202904 6863886.573911694, 677953.75 6863911.85, 677902.08 6863892.11, 677908.8139125507 6863874.488944701, 677861.8314628123 6863861.625316468, 677840.5466500864 6863939.364864436))","0.5685533504142706","129.85759161515162",
"77243-New1Section-23","379.42577526349726","79.03340521628515","true","39.80315365395652","3","POLYGON ((677906.351286671 6863755.269372168, 677900.4828879894 6863770.633539817, 677922.0357482953 6863778.863460403, 677927.9027338662 6863763.49875316, 677906.351286671 6863755.269372168))","0.0","0.0",""
"77243-New3Section-102","317.056291240235","72.16425692824843","true","14.674068248561424","4","POLYGON ((677837.1039872234 6863990.809350898, 677851.246339871 6863996.21066142, 677858.7187078213 6863976.645620262, 677844.5763551735 6863971.244309741, 677837.1039872234 6863990.809350898))","0.600394500936557","32.07040150498716",
"77243-New1Section-138","543.5648745045938","147.25065397237475","true","72.79968171791873","2","POLYGON ((677934.2692301037 6863766.448808785, 677910.9747986055 6863827.4532404505, 677918.74 6863830.42, 677942.0560869102 6863769.422205922, 677934.2692301037 6863766.448808785))","0.0","0.0",""
"77243-New4Section-45","331.4553760648703","74.99144955707945","true","41.97430225543054","3","POLYGON ((677707.1832690611 6863648.1343802605, 677696.48 6863648.83, 677689.76 6863649.32, 677684.5741893392 6863649.696831193, 677681.4925519438 6863661.025033776, 677702.1480544414 6863666.6439983435, 677707.1832690611 6863648.1343802605))","0.0","0.0",""
"77390-AE-Densifyed-4","3410.8224049745377","357.1596574425849","true","12.134297248691315","7","POLYGON ((674146.6471494383 6854853.936151742, 674171.96 6854838.72, 674177.03 6854840.33, 674177.85 6854840.84, 674179.25 6854841.84, 674180.57 6854842.94, 674181.81 6854844.12, 674182.5 6854844.89, 674182.73 6854845.1, 674183.23 6854845.58, 674183.89 6854846.31, 674184.52 6854847.09, 674185.07 6854847.91, 674185.58 6854848.76, 674186.03 6854849.65, 674186.41 6854850.58, 674186.72 6854851.51, 674186.97 6854852.48, 674187.15 6854853.46, 674187.26 6854854.46, 674187.31 6854855.45, 674187.27 6854856.44, 674187.21 6854857.27, 674187.18 6854857.43, 674187.18 6854859, 674187.09 6854859.84, 674190.67 6854858.64, 674193.99 6854841.27, 674191.66 6854830.45, 674185.82 6854802.12, 674124.89 6854805.19, 674133.9171516759 6854848.421163171, 674132.31 6854848.83, 674130.18 6854849.83, 674085.5528792152 6854876.65624685, 674091.71 6854886.96, 674136.36 6854860.12, 674146.6471494384 6854853.936151742, 674146.6471494383 6854853.936151742))","0.0","0.0",""
"77390-New17Section-205","319.97082946328794","72.58328441823093","true","52.20910958031237","5","POLYGON ((673316.8291821711 6855982.8172833305, 673314.7 6855978.58, 673311.55 6855972.33, 673308.65 6855966.51, 673307.3514820489 6855963.900000524, 673293.8240788903 6855970.66198617, 673303.2846105896 6855989.587851011, 673316.8291821711 6855982.8172833305))","0.0","0.0",""
"77390-New17Section-192","436.47854402342637","83.7103524525735","true","73.81859312364057","5","POLYGON ((673302.8677718667 6856137.56807724, 673300.5594181042 6856159.572410157, 673320.1606440343 6856161.628987512, 673322.4737490598 6856139.582797947, 673302.8677746655 6856137.568050564, 673302.8677718667 6856137.56807724))","0.0","0.0",""
"77390-New17Section-41","367.0139276336258","77.2423532955137","true","66.18970722710506","6","POLYGON ((673346.8294812272 6856068.198771398, 673347.9 6856054.48, 673348.52 6856046.6, 673348.5608548584 6856046.093399756, 673348.5608548583 6856046.093399756, 673329.8215256146 6856049.173783032, 673328.4067471465 6856066.71269971, 673346.8294812272 6856068.198771398))","0.0","0.0",""
"77390-New17Section-269","321.3830878050357","72.69523908077184","true","52.15583868408308","7","POLYGON ((673272.58 6855894.02, 673266.5300001638 6855881.86000033, 673266.5299999994 6855881.860000001, 673266.5299941408 6855881.860002933, 673252.925 6855888.670000001, 673262.3929259396 6855907.590253979, 673275.9549732326 6855900.8036400415, 673272.58 6855894.02))","0.0","0.0",""
"77390-New17Section-190","320.28305952824746","72.58583457026498","true","52.232956916280045","5","POLYGON ((673267.7471532734 6855952.227324505, 673269.57 6855955.87, 673275.61 6855967.93, 673277.2177634577 6855971.137196534, 673290.757607282 6855964.368992133, 673281.2903777147 6855945.450129751, 673267.7471532734 6855952.227324505))","0.0","0.0",""
"77243-New4Section-125","294.764606091331","76.72841788862021","true","10.946522320968848","7","POLYGON ((677733.0865047792 6863702.193999852, 677722.8320802925 6863699.404464819, 677715.5512711462 6863726.168963818, 677725.8056956329 6863728.95849885, 677733.0865047792 6863702.193999852))","0.0","0.0",""
"77243-New1Section-129","395.4278283493176","92.2443640345665","true","80.72833486835408","7","POLYGON ((677957.9525731555 6863733.048780945, 677957.66 6863741.56, 677956.7 6863745.66, 677955.47 6863745.77, 677949.7103413672 6863764.85199947, 677960.0118095165 6863768.785596384, 677971.6592971187 6863738.282668611, 677957.9525731555 6863733.048780945))","0.0","0.0",""
"77243-New1Section-60","379.4327478845368","79.03320889968428","true","16.054813617074284","3","POLYGON ((677888.7460906262 6863801.361875115, 677882.88 6863816.72, 677888.4399994527 6863818.84999979, 677888.440001232 6863818.850000469, 677896.78 6863822.03, 677904.4357931357 6863824.954959217, 677910.3017771523 6863809.592874888, 677888.7460906262 6863801.361875115))","0.5505409471843051","23.26224937647033",
"77390-AE-Densifyed-2","4430.779133368836","263.47499637907276","true","124.56634055925639","4","POLYGON ((674129.0580734918 6854726.825052036, 674104.1170004942 6854726.194000012, 674104.1169999926 6854726.194, 674100.22 6854726.336, 674096.817 6854726.954, 674093.229 6854728.014, 674088.797 6854729.9, 674082.825 6854734.088, 674077.716 6854739.608, 674074.403 6854745.022, 674072.081 6854750.539, 674071.056 6854754.675, 674070.371 6854759.897, 674068.873 6854787.423, 674067.8037581564 6854808.068338546, 674067.8037581563 6854808.068338551, 674127.1485715477 6854805.075174283, 674129.0580734918 6854726.825052036))","0.0","0.0",""
"77243-New3Section-149","482.6091244173716","88.9059356362317","true","44.607258062249066","3","POLYGON ((678049.60968756 6863950.612057813, 678038.2875232539 6863936.286785793, 678037.9219189025 6863935.824207999, 678017.8344889982 6863951.70056843, 678029.5222576563 6863966.488418244, 678049.60968756 6863950.612057813))","0.43356224593747816","133.48523615600124",
"77390-New17Section-200","321.87702160855065","72.73983686073213","true","52.18454509847163","6","POLYGON ((673252.9249999995 6855888.670000001, 673239.3200000005 6855895.48, 673245.3900006698 6855907.610001338, 673248.789811128 6855914.3983646035, 673262.3933045259 6855907.59101053, 673252.9249999995 6855888.670000001))","0.0","0.0",""
"77243-New1Section-77","423.11062212816427","86.79634723151013","true","17.263434978068005","7","POLYGON ((678013.3441191578 6863755.6093815435, 678013.21 6863752.89, 678012.79 6863744.47, 678012.61 6863740.79, 678012.4985823793 6863738.515984628, 677990.4852072834 6863730.110217305, 677984.8963160163 6863744.746639552, 678013.3441191578 6863755.6093815435))","0.0","0.0",""
"77243-New1Section-122","217.4361985986901","63.69357776581869","true","10.28499467780402","4","POLYGON ((677925.7006696543 6863686.107215282, 677916.3041584904 6863682.995726547, 677911.9433177225 6863694.416078773, 677908.5159856286 6863703.391719434, 677914.99 6863705.79, 677917.8273054583 6863706.726310801, 677925.7006696543 6863686.107215282))","0.4198768631702031","41.57802365926097",
"77243-New2Section-35","474.1382996183412","87.22657416437404","true","43.43556244961766","3","POLYGON ((677995.398114228 6863805.729313243, 678009.6 6863803.58, 678015.6799922938 6863802.660001166, 678015.68 6863802.66, 678015.28 6863794.63, 678014.58 6863780.530000001, 678014.579999986 6863780.530000003, 678014.5799999334 6863780.530000011, 677992.1333599678 6863784.156160749, 677995.398114228 6863805.729313243))","0.0","0.0",""
"77243-New1Section-44","280.144851439303","88.33919340122051","true","61.538574956524315","2","POLYGON ((677947.6824146225 6863771.5706089465, 677946.27 6863776.25, 677949.28 6863777.24, 677946.48 6863789.2, 677979.7352034737 6863783.809908188, 677947.6824146225 6863771.5706089465))","0.0","0.0",""
"77243-New1Section-104","309.85417124102054","82.44600065831872","true","10.287603695735108","4","POLYGON ((677984.8963160161 6863744.746639552, 677973.7185334796 6863774.019484049, 677979.5434428803 6863776.24371513, 677982.956588774 6863777.547018694, 677994.1343713105 6863748.274174198, 677984.8963160161 6863744.746639552))","0.0","0.0",""
"77390-New17Section-152","321.673612704804","72.72509654751008","true","52.350544980228456","6","POLYGON ((673335.8372488406 6856020.625522408, 673332.88 6856014.75, 673326.82 6856002.7, 673326.3292605255 6856001.723379858, 673312.7535815145 6856008.509497307, 673322.2141132131 6856027.435362145, 673335.8372488406 6856020.625522408))","0.0","0.0",""
"77243-New2Section-40","201.87202020051177","63.175983381843466","true","46.185343132010075","5","POLYGON ((677952.510969016 6863826.314635076, 677974.9619380317 6863823.009270151, 677974.9619375641 6863823.009266974, 677973.6584013593 6863814.160471067, 677962.64 6863815.83, 677951.2224589884 6863817.562712254, 677952.510969016 6863826.314635076))","0.0","0.0",""
"77390-New17Section-22","364.0105693906752","76.38722904819575","true","60.345356092754585","6","POLYGON ((673310.2139103325 6856067.541169282, 673308.1387269121 6856087.322810897, 673308.1387269117 6856087.322810901, 673326.6239497383 6856088.813923249, 673328.222737676 6856068.993853141, 673310.2139103325 6856067.541169282))","0.0","0.0",""
"77243-New4Section-22","282.5089133907061","68.92705773838709","true","34.9323835218785","4","POLYGON ((677654.5509964855 6863680.829802189, 677654.37 6863681.6, 677651.477629847 6863693.923096707, 677671.5317003168 6863699.378452314, 677675.0598454605 6863686.40887225, 677654.550996487 6863680.829802183, 677654.550996486 6863680.829802187, 677654.5509964855 6863680.829802189))","0.0","0.0",""
"77390-New17Section-138","319.3927930199907","72.50674547010065","true","52.14470743215653","5","POLYGON ((673280.3464639918 6855977.399084002, 673281.64 6855980.01, 673287.65 6855992.1, 673289.7587238819 6855996.349078622, 673303.2846105885 6855989.587851008, 673293.8305062681 6855970.674844189, 673293.8240788896 6855970.661986169, 673280.3464639918 6855977.399084002))","0.0","0.0",""
"77243-New3Section-74","290.0709052729888","68.46733353077147","true","34.219204719799116","4","POLYGON ((677806.7100000014 6864027.96, 677806.7100000026 6864027.960000001, 677820.7903125078 6864034.555893977, 677827.6673710165 6864016.549562695, 677813.1809987304 6864011.016862655, 677806.7100000014 6864027.96))","0.40967183472987356","51.606611974347054",
"77390-New21Section-10","418.32499408524814","81.81665119576213","true","84.63921568564963","5","POLYGON ((674759.41 6855122.81, 674764.7799999996 6855120.12, 674764.7799999834 6855120.119999967, 674755.5753139878 6855101.7611527, 674737.4759710636 6855110.557876021, 674746.5581927074 6855129.244634493, 674759.41 6855122.81))","0.0","0.0",""
"77390-New21Section-91","407.8355004967804","85.13149448629659","true","19.567818357523986","6","POLYGON ((674732.9401518371 6855121.832668605, 674733.11 6855122.07, 674730.95 6855138.55, 674730.31 6855142.43, 674737.07 6855146.22, 674740.81 6855148.47, 674742.57 6855149.53, 674742.61 6855149.49, 674745.75 6855146.81, 674747.56 6855145.4, 674747.7 6855145.29, 674750.56 6855143.52, 674752.44 6855142.45, 674744.69 6855130.18, 674746.5581927064 6855129.244634494, 674741.173448939 6855118.16547235, 674732.9401518371 6855121.832668605))","0.0","0.0",""
"77243-New6Section-118","540.1155313489375","102.9553055675972","true","51.88035954347421","5","POLYGON ((677806.7530575854 6863771.921806611, 677801.5100000009 6863785.629999997, 677835.8899999997 6863798.764999997, 677841.1280015346 6863785.05487493, 677806.7530575854 6863771.921806611))","0.0","0.0",""
"77243-New3Section-49","503.6459511083861","89.27668166812309","true","44.42832429649655","4","POLYGON ((677919.2236261471 6863965.3906928925, 677941.69 6863968.39, 677943.95 6863968.69, 677944.76 6863962.84, 677945.0328226358 6863960.916427744, 677945.0328226358 6863960.916427743, 677945.0328226358 6863960.916427742, 677935.1189951355 6863942.6950506875, 677921.6176727852 6863943.295910849, 677919.2236261471 6863965.3906928925))","0.0","0.0",""
"77243-New4Section-24","515.0639457311913","92.16239305692746","true","11.413873179190608","6","POLYGON ((677752.4591908528 6863671.464498998, 677757.1734261108 6863654.13481183, 677759.7399999991 6863644.7, 677737.154846291 6863646.174498099, 677731.8036883548 6863665.845534431, 677752.4591908528 6863671.464498998))","0.0","0.0",""
"77243-New6Section-90","478.06505204135","103.01809403408313","true","9.983341957387134","5","POLYGON ((677856.8410621856 6863743.925643033, 677830.73 6863733.95, 677827.0700007805 6863732.550000299, 677827.0699999998 6863732.55, 677825.15 6863737.64, 677822.67 6863744.25, 677818 6863742.47, 677817.2256199461 6863744.500196389, 677851.6031146985 6863757.634918077, 677856.8410621856 6863743.925643033))","0.0","0.0",""
"77243-New3Section-31","285.0747149066006","70.13998214080917","true","34.8804071507863","3","POLYGON ((678053.4574372169 6863923.545509855, 678043.4137222642 6863931.483690071, 678057.2215313138 6863948.953902947, 678067.2652462665 6863941.015722731, 678053.4574372169 6863923.545509855))","0.0","0.0",""
"77243-New1Section-140","379.4755308604764","79.03945572364138","true","16.781476747073523","4","POLYGON ((677894.6144893074 6863785.9977074675, 677888.7460906262 6863801.361875115, 677910.3017771523 6863809.592874888, 677916.1687627236 6863794.228167647, 677894.6144893074 6863785.9977074675))","0.0","0.0",""
"77243-New4Section-75","296.87239226568084","70.54940050478382","true","14.039493008563639","5","POLYGON ((677711.1481858548 6863660.226569866, 677707.5077812816 6863673.6088193655, 677728.1632837798 6863679.227783931, 677731.8036883529 6863665.845534433, 677711.1481858548 6863660.226569866))","0.0","0.0",""
"77243-New3Section-124","284.9002349483646","70.12355739842747","true","27.672747654800713","3","POLYGON ((678097.3835002835 6863917.21137053, 678084.52 6863900.91, 678083.5885866958 6863899.730975061, 678083.5885820733 6863899.730969212, 678073.5448671211 6863907.669149427, 678087.35267617 6863925.139362304, 678097.3835002835 6863917.21137053))","0.0","0.0",""
"77243-New4Section-84","288.84475476834604","75.62058433777827","true","10.96189641408816","7","POLYGON ((677708.4646183541 6863752.219737535, 677718.6231757432 6863755.361683241, 677725.8056956334 6863728.958498852, 677715.5512711462 6863726.168963819, 677708.4646183541 6863752.219737535))","0.0","0.0",""
"77243-newSection0ConsolidationDivision-2","2848.690061053314","219.6770374846665","true","72.72206804552374","5","POLYGON ((677830.9372527445 6863656.406025055, 677805.34 6863649.77, 677793.68 6863646.9, 677780.18 6863644.97, 677765 6863644.33, 677759.7400000007 6863644.7, 677750.8211139119 6863677.486124863, 677820.0776873608 6863696.326152224, 677830.9372527516 6863656.406025057, 677830.9372527445 6863656.406025055))","0.0","0.0",""
"77243-New3Section-123","388.1112536514543","80.46421047870743","true","13.016863737172901","6","POLYGON ((678119.3272420383 6863947.715633336, 678118.75 6863944.28, 678116.1 6863940.93, 678111.1777793078 6863934.692277641, 678111.1777790154 6863934.69227727, 678091.1035596894 6863950.558196549, 678093.3684807769 6863953.423868678, 678100.5724970647 6863962.538688969, 678119.3272420383 6863947.715633336))","0.0","0.0",""
"77243-New3Section-135","273.99641880419586","71.69481760866381","true","10.387377162149994","5","POLYGON ((677850.6465699081 6863948.870261684, 677863.9678975311 6863948.277411971, 677863.9678975315 6863948.27741197, 677868.2692456832 6863926.771416024, 677858.765569475 6863923.705241527, 677850.6465699081 6863948.870261684))","0.0","0.0",""
"77243-New7Section-19","456.75378799906264","93.71791622409614","true","14.962818128408436","6","POLYGON ((677952.6206326641 6863876.059234307, 677939.7031326643 6863871.124234308, 677927.9150000006 6863901.979999999, 677940.8324999997 6863906.914999999, 677952.6206326641 6863876.059234307))","0.0","0.0",""
"77390-AK-Densifyed-2","4521.998640464313","311.3026541418725","true","138.78265693095224","6","POLYGON ((674337.61 6855183.57, 674340.415 6855189.043, 674351.914 6855212.442, 674358.9100619241 6855219.217388809, 674415.7410866681 6855188.379892978, 674411.724 6855178.768, 674397.562 6855145.368, 674393.572 6855143.852, 674398.457 6855131.728, 674391.818 6855129.096, 674383.637 6855112.885, 674347.381 6855130.939, 674361.364 6855159.615, 674358.766 6855160.905, 674363.657 6855170.788, 674337.61 6855183.57))","0.0","0.0",""
"77243-New3Section-79","284.8872343736726","73.44228011104246","true","11.534368128660477","5","POLYGON ((678104.9113687386 6863968.028409425, 678098.0074642134 6863959.293302987, 678077.933244889 6863975.159222266, 678084.8371494145 6863983.894328704, 678104.9113687386 6863968.028409425))","0.0","0.0",""
"77390-New17Section-167","345.2022808452565","73.40287132104709","true","39.11898040506553","9","POLYGON ((673331.7307098622 6856203.883119144, 673332.03 6856203.22, 673336.13 6856194.27, 673336.8999999994 6856192.600000001, 673336.9000000015 6856192.599999981, 673337.24 6856188.4, 673337.448990332 6856185.733033824, 673317.932787164 6856183.684126849, 673315.9846677664 6856202.229015373, 673331.7307098622 6856203.883119144))","0.0","0.0",""
"77243-New7Section-116","228.3768940229492","82.66753780265103","true","50.03613310370967","4","POLYGON ((677953.75 6863911.849999998, 677952.6206326644 6863876.059234307, 677952.6206326641 6863876.059234307, 677940.8324999997 6863906.914999999, 677953.7499999995 6863911.849999999, 677953.75 6863911.849999998))","0.27169855405136467","177.27308030367197",
"77243-New4Section-110","279.14177160526816","68.78788485463272","true","34.64229060962623","3","POLYGON ((677688.1475035772 6863745.935846124, 677708.4646183272 6863752.219737527, 677708.4646183541 6863752.219737534, 677712.0079447497 6863739.194350677, 677691.4990957769 6863733.6152806105, 677688.1475035772 6863745.935846124))","0.0","0.0",""
"77390-AK-Densifyed-1","4187.4473509582085","283.32630175202655","true","189.16586311998603","5","POLYGON ((674185.085 6855204.072, 674195.627 6855221.693, 674216.326 6855251.58, 674236.1377164576 6855273.838705538, 674269.0684275859 6855178.208991871, 674261.987 6855169.536, 674235.077 6855181.774, 674185.085 6855204.072))","0.7072390861643213","47.149282168888504",
"77243-New3Section-58","308.94597526779364","70.4567772309728","true","35.43878000651181","3","POLYGON ((678009.1803131922 6863949.61812045, 678022.1001371217 6863939.406770248, 678010.4672798595 6863924.688396611, 677997.5474559298 6863934.899746813, 678009.1803131922 6863949.61812045))","0.5414554703111654","108.05940175167161",
"77390-New17Section-255","320.45246225542064","72.6111125111782","true","36.8997088230137","7","POLYGON ((673258.2694591418 6855933.313698719, 673263.53 6855943.8, 673267.7471532734 6855952.227324505, 673281.2903777147 6855945.450129751, 673271.8231481472 6855926.53126737, 673258.2694591418 6855933.313698719))","0.0","0.0",""
"77243-New1Section-130","379.4506531019921","79.03643047281659","true","16.84719252930644","4","POLYGON ((677900.4828879894 6863770.633539817, 677894.614491839 6863785.997700839, 677894.6144893081 6863785.9977074675, 677916.1687627238 6863794.228167647, 677922.0357482953 6863778.863460403, 677900.4828879894 6863770.633539817))","0.0","0.0",""
"77390-AH-Densifyed-2","4282.172695981652","282.3944181818883","true","84.88335340785324","7","POLYGON ((673890.2749632493 6854688.518805879, 673974.584 6854693.994, 673974.778 6854691.094, 673977.38 6854647.539, 673940.074 6854645.264, 673940.492 6854630.809000001, 673940.4919999953 6854630.809, 673937.592 6854630.624, 673907.1562889977 6854625.042136429, 673890.2749632493 6854688.518805879))","0.0","0.0",""
"77243-New6Section-69","540.0599958795495","102.94832583718475","true","15.137503523776331","6","POLYGON ((677880.29 6863785.65, 677880.7384862858 6863784.476878051, 677846.3660030691 6863771.344749864, 677841.1280015347 6863785.0548749305, 677875.5039425424 6863798.188324179, 677880.29 6863785.65))","0.0","0.0",""
"77243-New2Section-117","290.0268654396637","90.22842855809844","true","73.78419843214992","6","POLYGON ((677943.25 6863816, 677943.69 6863813.55, 677950.4804864391 6863812.523025835, 677949.9167792419 6863808.694167868, 677935.7720581462 6863810.776637669, 677933.66 6863817.75, 677930.0600000004 6863829.619999999, 677952.510969016 6863826.314635076, 677951.2224589884 6863817.562712254, 677942.74 6863818.85, 677943.25 6863816))","0.0","0.0",""
"77243-New3Section-14","276.9397179521711","78.33493834102097","true","29.719623791519496","5","POLYGON ((677921.1013347467 6863916.930927259, 677916.89 6863933.46, 677915.1711912492 6863932.92014613, 677915.644782054 6863943.561727189, 677935.1189951355 6863942.6950506875, 677921.1013347467 6863916.930927259))","0.0","0.0",""
