"code","area","perimeter","contactWithRoad","widthContactWithRoad","numberOfNeighborhood","HausDist","DisHausDst","CodeAppar","AspectRatio"
"25267-newSection1ConsolidationDivision-16","900.1716834132728","138.54140444603294","true","20.50064249781832","5","NA","NA","NA","0.3168191511827119"
"25267-newSection0ConsolidationDivision-18","3215.232477054462","265.0028987567312","true","20.080171862797325","5","NA","NA","NA","0.38943997859568813"
"25267-newSection2ConsolidationDivision-10","1974.4968836202956","212.43197570095643","true","26.056084702158422","9","NA","NA","NA","0.2769903281886336"
"25267-newSection2ConsolidationDivision-11","1816.807355573628","233.4392385014021","true","20.68437614083874","4","NA","NA","NA","0.1843868940966132"
"25267-newSection6ConsolidationDivision-13","1259.242637305059","171.5392146491119","true","20.811297834259832","4","NA","NA","NA","0.26807786093490094"
"25267-AA-1-Densifyed-0017","277.73450165830707","70.08965706604894","true","20.502587962675467","3","NA","NA","NA","0.636047119801979"
"25267-newSection0ConsolidationDivision-11","1969.6511169728599","245.978475674407","true","20.93289893439249","5","NA","NA","NA","0.1779261927206882"
"25267-AA-2-Densifyed-0038","358.22448206825186","99.94996914035642","true","4.984483810273592","4","NA","NA","NA","0.4120695718273122"
"25267-AA-3-Densifyed-0213","366.04038325934465","77.30217565011354","true","17.839688641736412","4","NA","NA","NA","0.6013029644761418"
"25267-AA-2-Densifyed-0213","365.3499406144157","77.2385263296243","true","17.929875545359064","6","NA","NA","NA","0.6001855996034461"
"25267-AA-3-Densifyed-0167","1066.8467981298702","130.43547607469753","true","43.00707132087002","8","NA","NA","NA","0.5911604460821646"
"25267-newSection1ConsolidationDivision-14","430.9246528771854","116.36005809539643","true","19.98576105987482","3","NA","NA","NA","0.8021183497901092"
"25267-AB-9-Densifyed-0170","309.66521732348343","94.68937974852264","true","5.478914868537431","5","NA","NA","NA","0.43292757055192543"
"25267-AA-7-Densifyed-0136","440.9554247302636","120.22250587197978","true","5.028573342924197","6","NA","NA","NA","0.38262922410009637"
"25267-AA-2-Densifyed-0032","369.4484615285442","80.93421908089522","true","18.169566206332473","5","NA","NA","NA","0.5230939997689713"
"25267-AA-2-Densifyed-0121","304.47974380284995","71.38906551434302","true","25.000850384407457","5","NA","NA","NA","0.5492643071611979"
"25267-AA-4-Densifyed-0210","141.82143966908887","57.12543065217683","true","4.736849211146407","5","NA","NA","NA","0.31856115378807043"
"25267-AB-1-Densifyed-0138","274.19886170688653","74.49638697970481","true","35.06603264810529","3","NA","NA","NA","0.7550124391362485"
"25267-AB-4-Densifyed-0170","1796.9929106542181","286.4046617496247","true","9.995372476083269","12","NA","NA","NA","0.5376170554611195"
"25267-AA-2-Densifyed-0214","261.3328789289534","64.94782230999171","true","17.11392162801145","2","NA","NA","NA","0.6368167428741315"
"25267-newSection5ConsolidationDivision-7","1550.9464016723193","210.5239813467004","true","20.014580980383514","4","NA","NA","NA","0.19453758695140996"
"25267-AA-1-Densifyed-0213","759.76884749086","152.09242799532473","true","4.237308929935137","9","NA","NA","NA","0.38398478196611485"
"25267-AB-1-Densifyed-0176","307.5298431108789","72.9671913934749","true","35.440818679298836","3","NA","NA","NA","0.5115753844481832"
"25267-AA-1-Densifyed-0185","407.9791381739948","82.30470253138431","true","27.807843343922922","4","NA","NA","NA","0.5426698786547512"
"25267-AB-1-Densifyed-0119","262.5776712447584","68.98151010331594","true","28.242007753619383","4","NA","NA","NA","0.48316499601464863"
"25267-AB-2-Densifyed-0144","418.5360524695292","82.25728708533158","true","21.848850138024765","3","NA","NA","NA","0.5933644760185354"
"25267-newSection6ConsolidationDivision-1","2277.351091732366","289.50767712566636","true","20.578832118744796","5","NA","NA","NA","0.98600539643277"
"25267-newSection0ConsolidationDivision-26","1919.239805922884","242.85224544314622","true","20.68437437249585","5","NA","NA","NA","0.17780099108428132"
"25267-New1Section-1","2297.407694251986","224.86430544158353","true","1.2904743191055217","6","NA","NA","NA","0.43372089643098605"
"25267-newSection0ConsolidationDivision-2","606.4802814103192","103.76328016206503","true","20.372060511180635","4","NA","NA","NA","0.4537379343898139"
"25267-AB-3-Densifyed-0165","343.84983596977736","77.80555215162963","true","15.614521217634374","3","NA","NA","NA","0.47237181852998655"
"25267-newSection1ConsolidationDivision-27","1418.3288960562988","222.8420819230252","true","20.793451958489587","4","NA","NA","NA","0.18398465978209105"
"25267-AA-1-Densifyed-0004","1208.5290236270705","163.9100022738075","true","6.676478302436612","8","NA","NA","NA","0.33569801344811817"
"25267-AB-3-Densifyed-0163","341.09070889080135","77.5166589922794","true","15.583858625660325","3","NA","NA","NA","0.46962928536813275"
"25267-AA-1-Densifyed-0022","210.38833259951994","58.85787399022517","true","18.996140709135","3","NA","NA","NA","0.5752390763469094"
"25267-newSection5ConsolidationDivision-19","1540.0510724102842","199.2179299650408","true","100.28916576560256","3","NA","NA","NA","0.2369831952459904"
"25267-newSection5ConsolidationDivision-14","1469.019643151366","193.67600898929368","true","21.235286199268447","4","NA","NA","NA","0.2299055846356253"
"25267-AB-2-Densifyed-0176","379.0888536789093","78.34730600813853","true","19.45591360613965","4","NA","NA","NA","0.6232782033692051"
"25267-newSection0ConsolidationDivision-17","1929.4937906037367","247.34960716755276","true","20.317735236764765","5","NA","NA","NA","0.1702144543360114"
"25267-AA-2-Densifyed-0210","214.13260712064186","62.73552466952148","true","12.330618477739584","4","NA","NA","NA","0.9238890871012798"
"25267-AB-2-Densifyed-0153","882.7216021051684","120.5799657528568","true","59.04730718895882","4","NA","NA","NA","0.5425618524148257"
"25267-AA-2-Densifyed-0064","311.58725190323474","69.93451898982698","true","38.70141109298324","5","NA","NA","NA","1.6469336162759733"
"25267-AA-3-Densifyed-0043","303.34697449067994","93.33282180545751","true","4.999228614067762","3","NA","NA","NA","0.40864568143792407"
"25267-AA-3-Densifyed-0038","262.18282409385847","65.41356603019247","true","20.473973790761782","3","NA","NA","NA","0.5974758822832129"
"25267-newSection5ConsolidationDivision-9","1633.0088354913914","205.50415335886473","true","21.28356272106946","5","NA","NA","NA","0.23195429525816735"
"25267-newSection2ConsolidationDivision-0","1660.1114347352666","213.88169673984527","true","20.867965597446368","4","NA","NA","NA","0.20675867436256812"
"25267-newSection2ConsolidationDivision-4","1624.3268138074873","207.56829653787972","true","21.222303583953934","5","NA","NA","NA","0.21908378928803354"
"25267-newSection0ConsolidationDivision-30","743.4381214440396","118.5008345245587","true","20.500606505252712","4","NA","NA","NA","0.39100067015382467"
"25267-AA-1-Densifyed-0117","250.40909556909202","106.44603533020894","true","5.108648510488982","4","NA","NA","NA","0.24873458278240407"
"25267-newSection0ConsolidationDivision-10","1138.6921844490748","159.83687451768037","true","20.81129783290316","4","NA","NA","NA","0.2824754529194095"
"25267-newSection0ConsolidationDivision-16","2228.2306370885112","285.2375945067079","true","20.5788328590174","6","NA","NA","NA","0.14307012119623247"
"25267-AA-2-Densifyed-0031","415.46302073815315","81.79746826613912","true","24.409761907788283","4","NA","NA","NA","0.6401244729025147"
"25267-AB-1-Densifyed-0059","826.5697070320696","149.5986550619386","true","5.193765252834146","6","NA","NA","NA","0.483749320067859"
"25267-newSection1ConsolidationDivision-5","2723.3087352263938","320.3998959588798","true","21.700426015734767","4","NA","NA","NA","0.1342823051301108"
"25267-AA-1-Densifyed-0192","1221.403004780623","203.70925492523622","true","4.98819986464226","6","NA","NA","NA","0.3942221566281369"
"25267-AA-2-Densifyed-0004","180.34007069405874","64.52710055088592","true","28.752374461290668","3","NA","NA","NA","0.40689826853608546"
"25267-AB-1-Densifyed-0060","223.41452225387627","62.100396421045915","true","2.985325143817769","3","NA","NA","NA","0.6613954348296617"
"25267-AA-2-Densifyed-0019","203.39471641625028","56.8480046567323","true","27.567171329560203","3","NA","NA","NA","0.5987167815963104"
"25267-AB-6-Densifyed-0170","227.84855044342433","85.69433035706096","true","13.120134744914214","3","NA","NA","NA","0.39583056749193685"
"25267-AB-2-Densifyed-0132","301.9512897257622","75.2095778678138","true","50.77155805934582","3","NA","NA","NA","0.47407705594002875"
"25267-AA-3-Densifyed-0050","133.2422299811105","61.858469621009434","true","24.401449320111432","4","NA","NA","NA","0.4028688073719642"
"25267-AA-1-Densifyed-0208","177.56898322096197","86.06253251651626","true","37.750438003355114","5","NA","NA","NA","0.29240626024098476"
"25267-newSection6ConsolidationDivision-4","2364.4010566925317","287.11306397091823","true","20.98252415966621","5","NA","NA","NA","0.9997640480503802"
"25267-AB-3-Densifyed-0176","373.3023976415551","77.64883840020372","true","19.309889653873146","5","NA","NA","NA","1.0021163109110385"
"25267-AB-2-Densifyed-0178","812.3162312618556","119.07509688581327","true","40.93053630431271","5","NA","NA","NA","0.5418830557426403"
"25267-AA-2-Densifyed-0174","412.6934237475342","95.4015221708887","true","36.70575587701308","4","NA","NA","NA","0.42680176312606133"
"25267-AB-4-Densifyed-0176","383.1522555641079","78.80619165378752","true","19.45591270828221","5","NA","NA","NA","0.619536453911134"
"25267-AA-2-Densifyed-0033","376.8859691251977","78.35422204478796","true","24.09338640456586","3","NA","NA","NA","0.5988920321193472"
"25267-newSection0ConsolidationDivision-34","1795.5877376857409","196.08435538992813","true","21.23443164593256","4","NA","NA","NA","0.34417905853660263"
"25267-newSection0ConsolidationDivision-19","1625.245168186618","210.92796478609654","true","20.744543760973276","4","NA","NA","NA","0.21004996593607944"
"25267-AA-2-Densifyed-0041","2406.316861566117","233.6672838832754","true","5.019642807447219","7","NA","NA","NA","0.3576034093677838"
"25267-AA-2-Densifyed-0030","428.07937746664646","82.8464389294799","true","23.55904366663097","3","NA","NA","NA","0.915649814356844"
"25267-AB-7-Densifyed-0150","265.60186960664953","88.1563867674144","true","4.271678033726241","7","NA","NA","NA","0.42342213087935493"
"25267-AB-1-Densifyed-0145","523.231057268318","90.85248369707914","true","31.520116932203422","4","NA","NA","NA","0.8791906749808589"
"25267-newSection1ConsolidationDivision-15","1476.7576741826115","195.18105677690295","true","21.45270843322197","5","NA","NA","NA","0.22856135661177965"
"25267-newSection2ConsolidationDivision-22","1745.1995369657202","202.16057048867128","true","20.578782611859534","5","NA","NA","NA","0.28471842387751267"
"25267-AA-6-Densifyed-0136","340.1729836384849","104.59034237194614","true","4.995705794625321","6","NA","NA","NA","0.39921085630006936"
"25267-newSection0ConsolidationDivision-9","647.5133070385288","106.81286247939427","true","21.348651878720187","4","NA","NA","NA","0.4640325360821572"
"25267-newSection3ConsolidationDivision-1","34794.032455545064","952.0950924687095","true","80.99661340818665","17","NA","NA","NA","0.5515002511390736"
"25267-AB-3-Densifyed-0119","865.6644868390782","129.54958467229477","true","62.589347277583656","4","NA","NA","NA","0.5204918041588437"
"25267-AA-1-Densifyed-0174","752.4421812954565","107.28707635587915","true","59.489655176537354","3","NA","NA","NA","0.6310093039488833"
"25267-newSection6ConsolidationDivision-6","2327.387960425024","293.5907565146009","true","20.08382953347628","5","NA","NA","NA","0.1386312967009793"
"25267-newSection1ConsolidationDivision-12","1684.8894541279496","221.05702951473222","true","20.811294860660496","5","NA","NA","NA","0.1953784294780333"
"25267-AB-2-Densifyed-0115","203.5044960207569","58.781338311739205","true","46.10936771945414","2","NA","NA","NA","0.5262765541474939"
"25267-newSection1ConsolidationDivision-17","4195.971480240698","523.4993862315057","true","20.543606060197302","4","NA","NA","NA","0.07373807507512724"
"25267-newSection1ConsolidationDivision-39","2401.950124274894","324.3433462361461","true","21.126387671120753","4","NA","NA","NA","0.1256395287832295"
"25267-AA-1-Densifyed-0029","563.2886278208027","131.53733721970315","true","4.998222051041312","8","NA","NA","NA","0.772122858492455"
"25267-newSection1ConsolidationDivision-40","9856.650553680973","758.8409609062819","true","20.578831508723788","13","NA","NA","NA","0.16053604639440316"
"25267-AB-1-Densifyed-0140","404.3288900181419","79.21740018145029","true","28.143419617133937","3","NA","NA","NA","1.0569859804510886"
"25267-AA-4-Densifyed-0019","563.9499758411242","131.59683908591816","true","5.013449697705655","8","NA","NA","NA","0.414600786765721"
"25267-newSection1ConsolidationDivision-0","2445.472072846402","301.4855356025836","true","20.867964341933604","5","NA","NA","NA","0.13686230649752443"
"25267-newSection6ConsolidationDivision-12","2293.6515345724138","284.0449691428369","true","20.583861593966088","5","NA","NA","NA","0.14815304793927478"
"25267-AA-1-Densifyed-0121","409.87735910017875","98.38597880596195","true","5.1362886861664085","6","NA","NA","NA","0.5143792198296651"
"25267-New2Section-6","2202.5382064347955","204.0090665524392","true","68.62123719294145","5","NA","NA","NA","0.4187697930632858"
"25267-newSection1ConsolidationDivision-29","2937.3910785169555","355.3382488148977","true","20.731538465870475","6","NA","NA","NA","0.11381218949517788"
"25267-AB-3-Densifyed-0060","1392.3048364923145","166.1481146632485","true","40.174163480171764","5","NA","NA","NA","0.5790463091765873"
"25267-newSection5ConsolidationDivision-11","1586.8142573128066","204.1825538051344","true","21.126387712589086","4","NA","NA","NA","0.22441098059765716"
"25267-AA-1-Densifyed-0063","323.8805492248548","73.23910189767506","true","24.729954938261322","6","NA","NA","NA","0.5892741210722107"
"25267-newSection0ConsolidationDivision-29","1558.2766742967283","242.27498668466407","true","20.363224422942448","5","NA","NA","NA","0.1644716372399443"
"25267-AA-1-Densifyed-0039","588.9684942961885","146.7010187050149","true","5.0345149841406185","8","NA","NA","NA","0.32542889596976987"
"25267-AB-2-Densifyed-0165","837.3621077627148","161.39131139526654","true","5.000002262398516","10","NA","NA","NA","0.42898812452550145"
"25267-newSection6ConsolidationDivision-3","2336.1165465185877","295.88588511284433","true","20.014583906538263","8","NA","NA","NA","0.9999861033099835"
"25267-AB-2-Densifyed-0123","176.11923924206778","55.40882852206561","true","28.86713820797453","3","NA","NA","NA","0.8597663616654312"
"25267-AA-2-Densifyed-0274","331.5772584506708","74.69441155008757","true","25.21666746705459","6","NA","NA","NA","0.5267807106424989"
"25267-AA-1-Densifyed-0114","226.6621516299906","60.33637902595288","true","16.201729054948192","4","NA","NA","NA","0.6558121778080351"
"25267-newSection1ConsolidationDivision-32","624.8260314121255","108.31097992672476","true","20.91401772348947","5","NA","NA","NA","0.4279062707274341"
"25267-AA-2-Densifyed-0028","582.9814301507163","132.64732161441347","true","5.018660477465205","6","NA","NA","NA","0.8303650556397029"
"25267-AA-4-Densifyed-0136","763.0396732109818","117.30843322529898","true","23.628664194257272","6","NA","NA","NA","0.4552192227140527"
"25267-AA-2-Densifyed-0185","233.75583267189901","61.50708343826173","true","15.777074970930974","5","NA","NA","NA","0.6191552030674808"
"25267-AA-2-Densifyed-0050","310.70522053909656","79.87447986549628","true","5.34183691702493","4","NA","NA","NA","0.6911389298732886"
"25267-newSection2ConsolidationDivision-8","2113.741376286642","196.92588692021965","true","87.2334065899364","3","NA","NA","NA","0.48159520466977007"
"25267-newSection0ConsolidationDivision-27","7730.739855638548","421.00309659671996","false","0.0","10","NA","NA","NA","0.3964529647502218"
"25267-AB-2-Densifyed-0184","407.5810949156357","81.84974207936591","true","43.53890458712072","3","NA","NA","NA","0.6150208790326414"
"25267-AA-2-Densifyed-0170","873.5990746219447","140.81318390913023","true","31.923834296291695","8","NA","NA","NA","0.4819531099814149"
"25267-AA-1-Densifyed-0050","562.5835917048915","95.94343807761301","true","9.333102892082279","7","NA","NA","NA","0.5834494445922865"
"25267-newSection2ConsolidationDivision-13","1991.3209589922903","249.83972881683746","true","20.93289640243154","4","NA","NA","NA","0.17330130921103437"
"25267-AB-3-Densifyed-0059","615.7221427048204","99.98412109309547","true","29.46370313857212","3","NA","NA","NA","0.6221207061051893"
"25267-newSection1ConsolidationDivision-7","675.356310687105","113.12671681829988","true","21.347191366477677","5","NA","NA","NA","0.4562805237601466"
"25267-AB-1-Densifyed-0165","343.98330726181064","77.8264517403572","true","15.613765172975224","5","NA","NA","NA","0.4718684037413318"
"25267-AA-1-Densifyed-0044","292.2133222533596","69.81343045639787","true","12.389386572192453","2","NA","NA","NA","0.6475515710896398"
"25267-AA-4-Densifyed-0134","494.69931508596534","125.28900819892002","true","4.9937828501255614","6","NA","NA","NA","0.4883015658403451"
"25267-newSection5ConsolidationDivision-5","1556.6876796393622","203.2501407109388","true","20.79344664666753","4","NA","NA","NA","0.2210748537216886"
"25267-AA-3-Densifyed-0026","330.16237026675446","75.72951225060231","true","38.309638074255005","3","NA","NA","NA","0.44839191918474086"
"25267-AA-5-Densifyed-0114","221.1385836762771","59.543049630650096","true","16.198816522823527","3","NA","NA","NA","0.6650024651198461"
"25267-New3Section-0","3227.079048190904","226.7773136854439","false","0.0","8","NA","NA","NA","0.5910390549837036"
"25267-newSection0ConsolidationDivision-12","1491.955511691313","204.47361414130253","true","20.014577890396243","4","NA","NA","NA","0.20032911550174598"
"25267-AA-1-Densifyed-0124","417.06654747528376","93.5785001447588","true","19.079808699485614","5","NA","NA","NA","0.7792976736513062"
"25267-AB-5-Densifyed-0150","178.3980238373558","53.6716030255279","true","14.151528277215942","3","NA","NA","NA","0.6359500864300095"
"25267-AA-3-Densifyed-0025","845.749330362163","162.888887335018","true","4.999115905453584","9","NA","NA","NA","0.4280460676701759"
"25267-AA-2-Densifyed-0006","867.4502445446201","121.65312131506269","true","47.502681114623876","6","NA","NA","NA","0.493419449526131"
"25267-AB-2-Densifyed-0163","340.74146485743904","77.34031254944617","true","15.584429138870386","5","NA","NA","NA","0.47445105661940334"
"25267-AA-1-Densifyed-0083","365.1079848713637","103.43670846941482","true","4.994806804067787","5","NA","NA","NA","0.41715983378066823"
"25267-newSection0ConsolidationDivision-38","2317.2888496498663","208.75373757352293","true","24.294750830272704","4","NA","NA","NA","0.49262531470201715"
"25267-AA-2-Densifyed-0136","349.3306320880844","75.2879124554583","true","20.261449090917136","3","NA","NA","NA","0.6170677374879833"
"25267-newSection2ConsolidationDivision-21","2070.6646006626247","264.2842244928838","true","20.317732491748362","4","NA","NA","NA","0.15475670710271108"
"25267-newSection1ConsolidationDivision-28","3022.7245543248237","359.3000801869646","true","20.634776614006594","5","NA","NA","NA","0.1123330458767024"
"25267-AB-2-Densifyed-0162","347.788549403385","76.84159492694583","true","25.50103593583591","4","NA","NA","NA","0.5409741120042154"
"25267-newSection2ConsolidationDivision-7","1563.2692540681392","215.6013165249471","true","19.44601006147572","7","NA","NA","NA","0.18348611028837103"
"25267-newSection5ConsolidationDivision-18","1534.5365787147325","202.3153913488565","true","20.583862412519483","5","NA","NA","NA","0.2193431958657392"
"25267-newSection0ConsolidationDivision-0","2807.4560733774533","337.7398138895673","true","20.98252674179534","5","NA","NA","NA","0.12279531381395252"
"25267-newSection2ConsolidationDivision-6","1453.6269679816592","192.78436874969879","true","20.72096965830949","4","NA","NA","NA","0.2321658453442685"
"25267-AA-3-Densifyed-0074","572.588402219145","96.74479625904556","true","28.90862164666009","5","NA","NA","NA","0.8862781829913421"
"25267-AB-3-Densifyed-0179","735.412779922925","113.51256840183855","true","9.174091555437863","9","NA","NA","NA","0.5431580208976526"
"25267-newSection0ConsolidationDivision-37","1739.8736572375233","237.3458959323941","true","20.793449951627434","4","NA","NA","NA","0.17392631359523658"
"25267-newSection5ConsolidationDivision-0","1098.1583046163032","154.30197045472676","true","21.45270191211145","4","NA","NA","NA","0.3009055274619565"
"25267-AB-2-Densifyed-0059","903.242994312797","130.10805093024723","true","58.017497076950875","3","NA","NA","NA","0.4704608387759211"
"25267-AB-1-Densifyed-0124","415.4073315784018","89.202377359751","true","32.737395176902076","3","NA","NA","NA","0.7496538995088666"
"25267-AA-2-Densifyed-0253","344.60082716719506","75.95136873481414","true","12.66979957356034","4","NA","NA","NA","0.5270985101910413"
"25267-AA-2-Densifyed-0043","1415.6456021857189","222.98832482885754","true","22.616312158193736","6","NA","NA","NA","0.4058957312916053"
"25267-AB-4-Densifyed-0150","384.8553594353806","81.49564271136732","true","17.297198426385997","5","NA","NA","NA","0.49416706225776563"
"25267-AB-2-Densifyed-0131","367.14388163706","76.0787088602936","true","27.021701966499446","4","NA","NA","NA","0.6357842096076985"
"25267-newSection1ConsolidationDivision-24","405.5238109112163","85.13085215839465","true","20.721483878777867","4","NA","NA","NA","0.5446074202439194"
"25267-newSection0ConsolidationDivision-7","901.1186485273454","133.37691181543983","true","21.22230324245472","4","NA","NA","NA","0.356181564751337"
"25267-AB-1-Densifyed-0144","382.5901475204448","83.84202368153403","true","5.125193657945569","4","NA","NA","NA","0.46947751179756997"
"25267-newSection0ConsolidationDivision-35","1757.6784443119905","220.3531330323999","true","21.210379461645452","6","NA","NA","NA","0.20216620219958173"
"25267-AB-2-Densifyed-0128","600.5773050853636","103.94324507377387","true","23.074214050775492","5","NA","NA","NA","0.5262994684589878"
"25267-newSection1ConsolidationDivision-4","3078.5120348954324","453.3937891675033","true","20.9825255854932","4","NA","NA","NA","0.998969963285319"
"25267-newSection2ConsolidationDivision-16","1997.6152385718071","263.45422398233495","true","56.297049059742065","4","NA","NA","NA","0.15280546904868078"
"25267-AB-12-Densifyed-0150","324.257007541287","73.33574256735253","true","17.067265899231476","5","NA","NA","NA","0.9947545950781768"
"25267-newSection1ConsolidationDivision-10","628.5339602445478","115.9403693600164","true","57.607004230203216","3","NA","NA","NA","0.39231544095906906"
"25267-AB-1-Densifyed-0179","386.1024874377486","78.77230330263605","true","19.222462820882363","6","NA","NA","NA","0.6581498832879901"
"25267-AA-1-Densifyed-0033","453.82684690704104","115.61180867260975","true","4.991372878039451","4","NA","NA","NA","0.38943219549758606"
"25267-newSection0ConsolidationDivision-32","1728.8522494804577","219.5292925134372","true","20.867751669750557","5","NA","NA","NA","0.9990915890001077"
"25267-newSection1ConsolidationDivision-9","1983.9862328546812","249.1520986076677","true","21.23527818005562","5","NA","NA","NA","0.17199264887292084"
"25267-newSection5ConsolidationDivision-6","1538.6986664828996","201.5145648210804","true","20.767899862728033","4","NA","NA","NA","0.22222413627695933"
"25267-AA-1-Densifyed-0170","176.6606092427336","59.4171353481005","true","18.45380885525581","4","NA","NA","NA","0.7555557516898396"
"25267-AB-1-Densifyed-0184","3325.025515057698","430.25679107163774","true","169.47841146497817","11","NA","NA","NA","0.12403500025591162"
"25267-AB-2-Densifyed-0145","332.2718344058659","80.42991009433113","true","9.507684953333982","3","NA","NA","NA","0.6456286100119133"
"25267-newSection0ConsolidationDivision-15","705.4310380053978","116.06527318992214","true","68.16009534724968","3","NA","NA","NA","0.49592627975560166"
"25267-AA-5-Densifyed-0136","294.6070249715797","68.52948655437633","true","20.700296466709528","3","NA","NA","NA","0.8837743342860154"
"25267-AA-1-Densifyed-0214","996.2241367572262","176.45043562958756","true","24.994374382440363","8","NA","NA","NA","0.39511920753566476"
"25267-AB-2-Densifyed-0164","680.7706698859773","104.41765313496178","true","28.717292544473636","3","NA","NA","NA","0.6813264418458987"
"25267-AB-1-Densifyed-0123","288.7893246419874","83.30183490612858","true","4.665212893271711","4","NA","NA","NA","0.4556917101557297"
"25267-AA-1-Densifyed-0021","622.7824135879207","141.6813980707675","true","4.990926635733167","8","NA","NA","NA","0.4108620457757807"
"25267-AB-2-Densifyed-0174","358.2165862957774","82.10820954066251","true","25.223257847287567","4","NA","NA","NA","0.4862230552867161"
"25267-AB-2-Densifyed-0140","451.3873879881728","109.74008454752357","true","4.985662176749057","6","NA","NA","NA","0.4187703367295876"
"25267-AA-2-Densifyed-0074","208.19108013737664","58.82751744877778","true","28.636469197234515","3","NA","NA","NA","0.6342109988450362"
"25267-AB-2-Densifyed-0124","739.4179992991435","125.1099028359429","true","5.162769794451322","6","NA","NA","NA","0.48881187067454596"
"25267-AB-2-Densifyed-0150","374.88491544659087","79.8152977751422","true","17.22167949478007","6","NA","NA","NA","0.5087288637459507"
"25267-AB-1-Densifyed-0164","842.0118247825226","161.69466201026162","true","4.997507365342405","6","NA","NA","NA","0.823545843460896"
"25267-AA-2-Densifyed-0143","1325.5077042807632","148.2966542502482","true","6.4514376179536885","6","NA","NA","NA","0.5023085989518677"
"25267-newSection1ConsolidationDivision-25","2923.099309289139","347.160125403924","true","21.21037865213465","4","NA","NA","NA","0.11990143590162514"
"25267-newSection1ConsolidationDivision-8","1194.0115482044598","167.06894109591607","true","21.222303584002297","5","NA","NA","NA","0.2782692388814509"
"25267-AA-1-Densifyed-0009","474.0620103836864","87.16130412419635","true","23.931887425105945","5","NA","NA","NA","0.6905403869017621"
"25267-newSection0ConsolidationDivision-8","2371.195649527084","229.75428381302154","true","21.086443723973545","5","NA","NA","NA","1.0684032224348208"
"25267-newSection2ConsolidationDivision-15","1955.522758329796","211.19622698254","true","21.346728993311718","4","NA","NA","NA","0.3160757793878762"
"25267-AB-1-Densifyed-0131","438.08365051108746","83.90406979588309","true","24.47830108609621","4","NA","NA","NA","0.6546624440131938"
"25267-AA-3-Densifyed-0020","196.9947559470851","57.794835484462006","true","28.547818180231097","3","NA","NA","NA","0.515476769492756"
"25267-AA-6-Densifyed-0019","229.8743885717804","61.089071811713026","true","18.968305994158698","3","NA","NA","NA","0.9377492356974738"
"25267-newSection1ConsolidationDivision-22","5052.220610675331","620.3894163758623","true","20.36790037457603","4","NA","NA","NA","0.06120687935485583"
"25267-AA-1-Densifyed-0003","173.77139627840026","64.47334974480316","true","45.674222085120775","4","NA","NA","NA","0.5795359115139201"
"25267-newSection0ConsolidationDivision-36","1238.0369162276777","182.5715197621376","true","21.1278310989274","4","NA","NA","NA","0.235515635023031"
"25267-AA-6-Densifyed-0013","303.145120678912","73.18479219796876","true","14.691476982633771","5","NA","NA","NA","0.9960324964541836"
"25267-AB-1-Densifyed-0163","833.3440924084038","161.15450109497056","true","4.999153078566191","9","NA","NA","NA","0.4261928179308387"
"25267-AA-1-Densifyed-0025","343.01869026031545","78.26245523957404","true","15.152931224106581","5","NA","NA","NA","0.4552688261937106"
"25267-AA-1-Densifyed-0118","430.3316986202434","129.95075991565855","true","4.3584434630991185","7","NA","NA","NA","0.3761364841181682"
"25267-AA-1-Densifyed-0020","633.0055362195624","100.72063092689962","true","26.87863084248539","5","NA","NA","NA","0.6338551021310648"
"25267-newSection3ConsolidationDivision-3","934.9431579315311","139.80787099756716","false","0.0","5","NA","NA","NA","0.34729649740142526"
"25267-AB-1-Densifyed-0122","342.2591161771976","75.03629886841388","true","22.879709800320704","3","NA","NA","NA","0.5809828344471889"
"25267-AA-1-Densifyed-0064","667.688186028896","115.77973445747446","true","47.939071037365906","6","NA","NA","NA","0.4473778325472502"
"25267-AA-2-Densifyed-0021","277.4397566079717","86.83600569283236","true","4.986340742458411","4","NA","NA","NA","0.40444672048453056"
"25267-AA-2-Densifyed-0112","600.3585824176216","149.56791322712138","true","4.99034564633188","4","NA","NA","NA","0.2509034014276529"
"25267-AB-4-Densifyed-0152","350.85836332321526","78.1228445424815","true","26.160230366480196","5","NA","NA","NA","0.5396123038550742"
"25267-AA-2-Densifyed-0063","108.9432868854399","105.54106967221182","true","5.003360545643927","7","NA","NA","NA","0.08282282715371782"
"25267-AA-2-Densifyed-0123","176.61978023288725","60.86141162303289","true","13.88933897242545","6","NA","NA","NA","0.4202748457511048"
"25267-newSection1ConsolidationDivision-20","4682.415188346773","305.99309336622963","true","20.901074249592533","4","NA","NA","NA","0.47596102168905086"
"25267-AA-1-Densifyed-0112","498.3265546535604","95.44684740054598","true","23.473093359353356","3","NA","NA","NA","1.41140933573859"
"25267-newSection5ConsolidationDivision-12","1249.8278412021796","172.91212384526906","true","20.811296451727493","4","NA","NA","NA","0.2549227935176478"
"25267-AA-2-Densifyed-0167","252.76117849609244","64.92821677570441","true","21.503174130433738","7","NA","NA","NA","0.9815230213090205"
"25267-AA-3-Densifyed-0015","279.7790676965919","70.04343904352628","true","25.770539916667776","3","NA","NA","NA","0.4717309623310329"
"25267-AB-1-Densifyed-0162","433.2486032238708","108.43195409943463","true","0.9374738893917608","5","NA","NA","NA","0.5730838454279883"
"25267-AB-2-Densifyed-0139","292.33821968612494","81.34038349523203","true","36.28789491816728","4","NA","NA","NA","0.3916034765301457"
"25267-AB-4-Densifyed-0119","284.05924251773706","71.69569484262756","true","51.971367933235626","2","NA","NA","NA","0.6458747214260975"
"25267-AA-1-Densifyed-0028","472.8653628231607","87.08058543666289","true","24.44595927883001","3","NA","NA","NA","0.6746847628364888"
"25267-AA-3-Densifyed-0274","232.77676869421694","68.12771423514664","true","23.291376640972913","5","NA","NA","NA","0.4140578096923398"
"25267-AA-2-Densifyed-0020","258.06350342886935","67.58389313466677","true","14.965899420495976","4","NA","NA","NA","0.4599299117983844"
"25267-newSection0ConsolidationDivision-23","2534.5558648883843","311.5666469209385","true","20.76789695617347","6","NA","NA","NA","0.13254405390799667"
"25267-AB-2-Densifyed-0138","583.2030810326241","95.45461709147176","true","43.721404381616665","5","NA","NA","NA","0.5840422566724429"
"25267-newSection5ConsolidationDivision-4","891.1053121964393","133.62198195916704","true","21.222294686632985","4","NA","NA","NA","0.35023989151526275"
"25267-AB-1-Densifyed-0175","696.5548061852918","115.0683959253199","true","5.890787945339324","8","NA","NA","NA","0.5142626673994356"
"25267-AB-2-Densifyed-0155","257.0518089813414","66.4592601064191","true","14.298354233791807","5","NA","NA","NA","0.5043753477609442"
"25267-AA-2-Densifyed-0037","1044.660578176393","155.64350585080993","true","7.9778169907805685","6","NA","NA","NA","0.3859236642794459"
"25267-newSection1ConsolidationDivision-2","5007.374207656618","665.226400529561","true","20.58385945414876","10","NA","NA","NA","0.05750874047909161"
"25267-New1Section-7","20334.79832760732","605.3925275446438","true","26.45074459970533","18","NA","NA","NA","0.5992588712529369"
"25267-newSection0ConsolidationDivision-22","1596.366963821","208.6303251508996","true","20.634779389170866","4","NA","NA","NA","0.21130456138951906"
"25267-AA-1-Densifyed-0043","530.0435483480483","93.95420836827262","true","20.368716802383933","5","NA","NA","NA","0.5540812229775672"
"25267-newSection1ConsolidationDivision-35","3395.9834113668026","426.32118212906903","true","21.260932327168174","4","NA","NA","NA","0.9999731104584794"
"25267-AA-1-Densifyed-0006","161.9913650547458","58.302181826367175","true","39.96277990909944","2","NA","NA","NA","0.7274379743751592"
"25267-AB-10-Densifyed-0150","283.7463541478402","68.9295510131749","true","18.882779288438673","6","NA","NA","NA","0.562288577345365"
"25267-AA-4-Densifyed-0063","473.6498830211921","87.9516804341867","true","24.835917335804087","6","NA","NA","NA","0.6309700272102429"
"25267-AA-1-Densifyed-0274","336.42147285137406","89.14299974390386","true","1.1054233025766624","7","NA","NA","NA","0.49162718240672226"
"25267-newSection0ConsolidationDivision-33","2713.8853101996237","337.24719141394763","true","20.583860563834804","5","NA","NA","NA","0.1182858398195961"
"25267-AB-3-Densifyed-0170","298.77112107487915","93.17110714649978","true","4.816086173414558","7","NA","NA","NA","0.4188362705624501"
"25267-newSection1ConsolidationDivision-11","1013.4514128285282","234.76660992917118","true","20.767536240034662","3","NA","NA","NA","0.15763292191249156"
"25267-newSection2ConsolidationDivision-3","1545.5935578229992","207.2712881051075","true","20.083828748506814","4","NA","NA","NA","0.2041405950082217"
"25267-AA-5-Densifyed-0185","225.2582294878532","59.36921433504555","true","27.361343836893866","4","NA","NA","NA","0.5906937288170351"
"25267-newSection0ConsolidationDivision-24","3586.3709423152327","268.4196375417573","true","21.69540481300294","5","NA","NA","NA","0.8227290685960045"
"25267-AB-2-Densifyed-0122","873.5266879044386","123.71102769464514","true","27.619648919570743","7","NA","NA","NA","0.4650089986656179"
"25267-AA-1-Densifyed-0210","914.5117448826522","169.16967994863552","true","18.91459082607016","11","NA","NA","NA","0.34492752615242195"
"25267-AB-9-Densifyed-0150","365.55260631451347","80.5034687482622","true","35.870358297362735","4","NA","NA","NA","0.4663198816413751"
"25267-AA-2-Densifyed-0165","586.5896558333865","96.91186438559141","true","25.589606634686337","6","NA","NA","NA","0.9410252697813498"
"25267-newSection6ConsolidationDivision-10","1533.8877314843255","275.5415985108454","true","14.935279111322181","4","NA","NA","NA","0.12209926732143138"
"25267-newSection2ConsolidationDivision-20","1587.5452469314428","194.1556872396342","true","95.58102153546963","3","NA","NA","NA","0.2816679293412742"
"25267-AB-1-Densifyed-0152","360.33956342172525","79.19896607097508","true","26.90771483392268","6","NA","NA","NA","0.47881266980186055"
"25267-New2Section-3","24404.068179339407","829.153955635933","true","108.00347388702201","14","NA","NA","NA","0.4246751157341061"
"25267-AA-2-Densifyed-0117","915.2197122028563","140.8122822629747","true","44.03354184148076","3","NA","NA","NA","0.5072365262815359"
"25267-newSection2ConsolidationDivision-2","1363.7913065712921","183.55761775105785","true","20.767899344231047","4","NA","NA","NA","0.24189753260859206"
"25267-newSection2ConsolidationDivision-17","1470.798551258118","199.59080966865508","true","19.98698385430558","6","NA","NA","NA","1.0001053744639938"
"25267-newSection1ConsolidationDivision-33","1281.4398043237547","184.10385892867183","true","19.72291354785604","5","NA","NA","NA","0.21944201880865452"
"25267-AB-2-Densifyed-0177","273.0434698345524","68.21938665844972","true","14.76502228049717","4","NA","NA","NA","0.5135075750237963"
"25267-AA-1-Densifyed-0167","230.91817214188262","73.26310626858587","true","32.655569639375564","4","NA","NA","NA","0.3966239491500302"
"25267-newSection5ConsolidationDivision-15","515.2668436361221","94.43726871714601","true","21.348635924315175","3","NA","NA","NA","0.5186996019896034"
"25267-New2Section-4","3569.1589706660143","287.4272154432702","true","112.51309604219624","5","NA","NA","NA","0.2669694958959844"
"25267-AA-2-Densifyed-0009","520.0031550674526","91.33603052608609","true","23.63529182932291","5","NA","NA","NA","0.6605669887843437"
"25267-newSection2ConsolidationDivision-18","1574.9528015145502","205.31045223689316","true","20.79345189392835","5","NA","NA","NA","0.9996613246702973"
"25267-newSection6ConsolidationDivision-0","1017.0202764757416","161.0230028836853","true","21.45270843407901","4","NA","NA","NA","0.9972888852183358"
"25267-newSection5ConsolidationDivision-2","1519.3843263758624","200.24413730866425","true","20.578832933296493","4","NA","NA","NA","0.22296129394977912"
"25267-AB-8-Densifyed-0170","215.33548203783508","58.868264214386976","true","16.71113645949004","3","NA","NA","NA","0.6883309707934361"
"25267-AA-3-Densifyed-0114","1769.892383799844","241.81924490560942","true","57.61268412806142","6","NA","NA","NA","0.39602503687440815"
"25267-AA-1-Densifyed-0123","328.10091218192116","133.82940570090122","true","3.291194598419655","9","NA","NA","NA","0.18855422273871472"
"25267-AA-4-Densifyed-0185","289.8302614141151","89.6602196065022","true","4.25988477418504","8","NA","NA","NA","0.5124037271954358"
"25267-newSection5ConsolidationDivision-8","1516.6259870018755","199.40245507473685","true","20.73154215860192","4","NA","NA","NA","0.22467317546696508"
"25267-AB-4-Densifyed-0060","2511.5207769504727","244.06135960750282","true","5.02582939560156","7","NA","NA","NA","0.473474152378948"
"25267-AA-1-Densifyed-0074","171.12256584161244","65.76285945459637","true","1.9721538620358348","4","NA","NA","NA","0.34916588220051675"
"25267-AB-1-Densifyed-0178","275.3844938129734","68.39583561422197","true","14.976953638895802","5","NA","NA","NA","0.999889723787621"
"25267-AA-4-Densifyed-0050","839.1612567112907","144.43811965658722","true","17.934930406598802","7","NA","NA","NA","0.7132827898296213"
"25267-AA-4-Densifyed-0114","986.4333972983629","187.55927634267573","true","4.996987160419194","6","NA","NA","NA","0.4000301080064048"
"25267-AA-2-Densifyed-0067","313.5485163510907","93.99133729332023","true","4.99785642463283","6","NA","NA","NA","0.3743466789858629"
"25267-AA-1-Densifyed-0026","696.4873856305607","105.58655475221079","true","6.57657661980756","7","NA","NA","NA","0.6819904290013431"
"25267-AA-4-Densifyed-0167","241.96461888667952","62.82941312141137","true","22.606686728772125","4","NA","NA","NA","0.9523084690943023"
"25267-AA-3-Densifyed-0083","858.0312287326293","173.42939290165972","true","5.0018063027798965","5","NA","NA","NA","0.3694781180594855"
"25267-newSection6ConsolidationDivision-2","1259.8379832346827","163.6877956060012","true","20.11823622489494","5","NA","NA","NA","0.3534839609445712"
"25267-newSection0ConsolidationDivision-13","874.382272878855","146.45267928471733","true","36.493046402769195","3","NA","NA","NA","0.37950995989242725"
"25267-AA-2-Densifyed-0083","237.41586361560553","61.78177547382715","true","15.992789243595222","4","NA","NA","NA","0.6620228549194972"
"25267-AA-2-Densifyed-0015","354.01888239833886","96.27355449477109","true","4.7599861189788015","4","NA","NA","NA","0.381084562392638"
"25267-AA-2-Densifyed-0026","348.6810440743627","78.96385170495697","true","15.336648756742054","4","NA","NA","NA","0.452994642987509"
"25267-AA-1-Densifyed-0015","752.6443044076184","150.16221329927328","true","4.987439591274569","8","NA","NA","NA","0.46138141782638176"
"25267-newSection5ConsolidationDivision-16","675.4861122287539","112.39352711413127","true","20.500604855249776","4","NA","NA","NA","0.40781994978448594"
"25267-newSection1ConsolidationDivision-26","1549.4751837012127","210.81027554828745","true","20.20288166043122","5","NA","NA","NA","0.19486755921671414"
"25267-newSection1ConsolidationDivision-30","2283.048964239936","290.10444483582495","true","20.318814678522195","4","NA","NA","NA","0.13792600347672454"
"25267-AA-5-Densifyed-0134","821.7126111616851","119.48997329794585","true","23.47769220592886","9","NA","NA","NA","0.5174870043303802"
"25267-AA-1-Densifyed-0013","310.37819841360914","74.32525478205584","true","14.69147801462418","4","NA","NA","NA","0.9961098473467855"
"25267-AA-1-Densifyed-0036","218.42371141907464","59.71371708849672","true","19.052731930706457","3","NA","NA","NA","0.5990673686227298"
"25267-AA-3-Densifyed-0136","327.55619222782116","104.20481339530703","true","4.99999100908824","7","NA","NA","NA","0.346678462361857"
"25267-AB-1-Densifyed-0177","273.609980169124","68.26648009803247","true","14.864309409967642","5","NA","NA","NA","0.9993584818924199"
"25267-AA-1-Densifyed-0143","964.7049221061435","197.22503527788507","true","4.2503943883907676","4","NA","NA","NA","0.460199469763169"
"25267-newSection2ConsolidationDivision-1","1628.965224032917","216.55166136811442","true","32.84218898842778","4","NA","NA","NA","0.19297240995315687"
"25267-AA-2-Densifyed-0013","288.8242636298","70.92978046009998","true","14.693713282087948","4","NA","NA","NA","0.47982972748784775"
"25267-AA-1-Densifyed-0136","315.6970592262694","71.31843937259765","true","20.68146711921484","3","NA","NA","NA","0.915251769938369"
"25267-newSection6ConsolidationDivision-5","1521.2096811231731","176.32821254678686","true","25.56085682138991","7","NA","NA","NA","0.3377680615217897"
"25267-AB-11-Densifyed-0150","394.96831700977253","82.24967734564119","true","17.326358682252383","5","NA","NA","NA","0.4896694009659933"
"25267-AA-1-Densifyed-0038","791.1219119082679","162.81536649151693","true","4.989985029084833","6","NA","NA","NA","0.41062348405698473"
"25267-AA-7-Densifyed-0013","292.6616099278299","73.57227639125398","true","14.129328869337975","4","NA","NA","NA","0.41048478011036355"
"25267-newSection5ConsolidationDivision-17","1368.7125087375496","220.43930357948523","true","16.444420674147167","9","NA","NA","NA","0.14497765610364108"
"25267-AA-4-Densifyed-0013","514.7808934233933","91.11442424823976","true","45.794407766466456","4","NA","NA","NA","0.627208431019064"
"25267-New2Section-2","3059.9769046269744","221.2683407450108","true","59.627839003365644","2","NA","NA","NA","0.9112450609690691"
"25267-AB-2-Densifyed-0170","301.04943483036266","81.35501560771651","true","36.48973230048075","4","NA","NA","NA","0.4696776230466486"
"25267-AA-2-Densifyed-0039","423.3745064640469","88.28215168343644","true","37.37262105269251","3","NA","NA","NA","0.4778525848382127"
"25267-AA-1-Densifyed-0019","338.3827534208067","98.68228566674382","true","5.0213160287668215","7","NA","NA","NA","0.49971111479403935"
"25267-AA-3-Densifyed-0185","203.5102633716012","58.287975378219706","true","17.718446546478358","3","NA","NA","NA","0.6678697056416429"
"25267-AB-1-Densifyed-0128","230.03203769608274","66.85976498328793","true","23.36841309889936","3","NA","NA","NA","0.5360327219757082"
"25267-AB-1-Densifyed-0115","397.0431392048627","80.19947710841248","true","65.35733188464575","2","NA","NA","NA","0.6402679297788191"
"25267-AA-2-Densifyed-0124","414.0286525174832","80.4476011517549","true","40.69852266521273","3","NA","NA","NA","0.5725651317308447"
"25267-newSection1ConsolidationDivision-6","1800.2068027865503","237.19110210662183","true","20.33935310201698","5","NA","NA","NA","0.17243738642995396"
"25267-newSection0ConsolidationDivision-20","703.9225114447312","107.74147660571012","true","47.15207528394061","4","NA","NA","NA","0.6367264338807481"
"25267-AB-3-Densifyed-0155","536.2987596605969","93.55413587590971","true","26.595941679398397","4","NA","NA","NA","0.8773969073181079"
"25267-AA-2-Densifyed-0036","904.7238070389512","144.14124249421198","true","7.992225870510105","5","NA","NA","NA","0.40019862680672136"
"25267-newSection2ConsolidationDivision-14","824.6686176179333","190.16024734121027","true","11.663059067585522","9","NA","NA","NA","0.999750401928681"
"25267-AA-3-Densifyed-0013","295.95315439539826","72.05339790188992","true","14.69144003092382","5","NA","NA","NA","0.47113028100416277"
"25267-AB-2-Densifyed-0152","368.09668686021763","79.90175593970581","true","27.113767938309085","5","NA","NA","NA","0.5542738493588389"
"25267-AB-3-Densifyed-0174","890.3583919771037","170.44666361231955","true","6.142554693775626","6","NA","NA","NA","0.3981773238794243"
"25267-AA-1-Densifyed-0032","529.9520967047042","95.07084694758291","true","53.74050068019743","4","NA","NA","NA","0.46852899937122405"
"25267-AA-3-Densifyed-0165","253.8462574841663","65.25547427052558","true","21.986764566721288","6","NA","NA","NA","0.5369322430774178"
"25267-AA-2-Densifyed-0114","177.59788289934514","53.48520588662136","true","16.196350032729033","2","NA","NA","NA","0.6554478272377606"
"25267-AA-5-Densifyed-0013","281.8799727150496","69.82683292871126","true","14.693627898623035","5","NA","NA","NA","0.9958276231644794"
"25267-newSection2ConsolidationDivision-12","1505.3537138185545","204.41976270686575","true","20.50137577420881","5","NA","NA","NA","0.20969131470301772"
"25267-AA-2-Densifyed-0208","922.8814529697887","137.52500115759952","true","21.376570002396043","7","NA","NA","NA","0.4560200976021605"
"25267-AA-4-Densifyed-0208","273.93400754576123","81.87457460866975","true","1.4949579882190132","5","NA","NA","NA","0.333842460435251"
"25267-AA-1-Densifyed-0078","298.0532443040208","69.97528003687806","true","41.70547179359416","3","NA","NA","NA","0.5358279839474273"
"25267-newSection5ConsolidationDivision-10","1564.580869925778","202.7260047003517","true","20.98252866327116","4","NA","NA","NA","0.2241083819009966"
"25267-AA-1-Densifyed-0165","291.6275635523114","71.37589168541498","true","25.74301211064739","4","NA","NA","NA","0.4736593469063577"
"25267-AB-1-Densifyed-0170","289.94965098611897","90.79370752111376","true","4.988428685475264","5","NA","NA","NA","0.4262989028484317"
"25267-AB-3-Densifyed-0152","358.40088641847376","76.16849561455703","true","40.79675128728469","3","NA","NA","NA","0.5217378387565068"
"25267-AA-2-Densifyed-0029","458.15196353928593","85.65447570288353","true","23.79060371568995","3","NA","NA","NA","0.9450527089029107"
"25267-newSection3ConsolidationDivision-4","1208.2734857530622","170.763288295439","false","0.0","5","NA","NA","NA","0.2591440488022394"
"25267-AB-3-Densifyed-0122","498.4604985445068","114.87423356720487","true","4.999354374450566","5","NA","NA","NA","0.4553046505883315"
"25267-newSection1ConsolidationDivision-31","2129.1801391157646","265.5822446742285","true","21.09291341884891","5","NA","NA","NA","0.15921220018614698"
"25267-AB-2-Densifyed-0175","413.11142791081454","91.8156169917779","true","11.054148065850182","5","NA","NA","NA","0.37163628953149236"
"25267-AA-2-Densifyed-0017","423.5162106702359","82.77705824739155","true","20.341030796865514","4","NA","NA","NA","0.7397963310304639"
"25267-AA-6-Densifyed-0185","523.5554004805274","118.14624502346615","true","4.958033844631183","8","NA","NA","NA","0.4058281053273842"
"25267-AA-3-Densifyed-0019","201.2202444484279","63.24375872595277","true","6.376266696056989","3","NA","NA","NA","0.4354973268140569"
"25267-AA-3-Densifyed-0208","247.403740078985","74.99066022025812","true","17.027046869658786","4","NA","NA","NA","0.5507355747765146"
"25267-AB-14-Densifyed-0150","423.2840142071884","86.50574685020982","true","17.44242433434316","6","NA","NA","NA","0.4561539810255612"
"25267-newSection5ConsolidationDivision-13","1487.5620575001012","201.378670166882","true","19.986982924294253","4","NA","NA","NA","0.2123137764502502"
"25267-AB-5-Densifyed-0170","205.1681618987975","57.57795053784839","true","16.595529617389506","4","NA","NA","NA","0.6898447145007868"
"25267-New3Section-8","4572.222844720505","336.885476059227","false","0.0","10","NA","NA","NA","0.25272852017399094"
"25267-AB-1-Densifyed-0150","343.24095068394155","75.9723614127753","true","18.013435177320048","5","NA","NA","NA","0.5170980610758469"
"25267-newSection0ConsolidationDivision-3","1858.0065200853537","239.53456277015547","true","20.3188128101056","5","NA","NA","NA","0.1765437867125385"
"25267-AA-1-Densifyed-0031","493.25645372048086","122.25271335923881","true","5.000226613508698","8","NA","NA","NA","0.7373944343110318"
"25267-AA-5-Densifyed-0019","273.13430524661413","66.78394969472704","true","17.33764905459404","4","NA","NA","NA","0.5834861910459277"
"25267-AB-2-Densifyed-0119","389.737098890718","81.66303714918047","true","45.140832211087144","4","NA","NA","NA","0.5792437032010943"
"25267-AA-2-Densifyed-0044","1230.6569646049297","204.24636612966717","true","9.489081069910865","7","NA","NA","NA","0.39687898269099514"
"25267-AA-3-Densifyed-0063","337.34276472035697","76.39895668002588","true","16.239142759796437","4","NA","NA","NA","0.49322923527593115"
"25267-AA-2-Densifyed-0193","1113.1921294242463","133.64019524154637","true","35.39164369407684","4","NA","NA","NA","0.6808244712430233"
"25267-newSection2ConsolidationDivision-23","612.369073271429","196.76800744520503","true","111.49046586425833","2","NA","NA","NA","0.16563208290681747"
"25267-newSection2ConsolidationDivision-19","439.33362709291873","114.39865103316204","true","70.76553121262471","2","NA","NA","NA","0.30410360640436257"
"25267-newSection1ConsolidationDivision-19","2591.5207540079964","327.35006294416354","true","20.08382524539971","6","NA","NA","NA","0.12035136854212666"
"25267-newSection3ConsolidationDivision-5","428.2805992908014","85.91655740129247","true","20.954602226079295","4","NA","NA","NA","0.6661363413563041"
"25267-AA-1-Densifyed-0193","1121.3507176384855","204.20926568329466","true","5.005805240826965","7","NA","NA","NA","0.34540684480084033"
"25267-newSection1ConsolidationDivision-36","2097.5081402796995","273.0134238362275","true","20.01457783451313","5","NA","NA","NA","0.14660312557268002"
"25267-AB-7-Densifyed-0170","201.58622211436895","56.82186065842329","true","16.347417732013934","4","NA","NA","NA","0.6938710111474059"
"25267-AA-3-Densifyed-0017","626.2290547621958","139.74564206303208","true","5.17237616731576","8","NA","NA","NA","0.37922783196295945"
"25267-AA-3-Densifyed-0134","238.11671415212595","63.08314062550345","true","21.262741201280246","3","NA","NA","NA","0.5352300803587847"
"25267-AA-1-Densifyed-0023","386.89711939924575","125.9368661234696","true","4.9922286714821915","7","NA","NA","NA","0.23264168357255688"
"25267-AA-2-Densifyed-0078","909.4639164146985","130.06257342294654","true","23.053183681467353","4","NA","NA","NA","0.40842637884288774"
"25267-New3Section-5","12600.024557138837","621.6659647389866","false","0.0","18","NA","NA","NA","0.37643985084689713"
"25267-newSection6ConsolidationDivision-15","2445.968989531012","297.0322737893227","true","20.86796635108626","5","NA","NA","NA","0.14333356201432063"
"25267-newSection1ConsolidationDivision-23","2256.1910026814257","342.14994219227697","true","20.744530227729896","5","NA","NA","NA","0.11131609181525556"
"25267-AB-8-Densifyed-0150","307.8974927172913","71.83836692784756","true","16.05238490458506","5","NA","NA","NA","0.5581845230590358"
"25267-newSection6ConsolidationDivision-14","1459.5194158308623","189.72240403570447","true","88.65669682353148","3","NA","NA","NA","0.3590281068279958"
"25267-AB-1-Densifyed-0132","597.2245759516633","100.98991117262919","true","51.05982157882751","4","NA","NA","NA","0.5438161791397036"
"25267-newSection5ConsolidationDivision-1","22796.102461687795","693.3906343399045","true","38.526360850319804","18","NA","NA","NA","0.5183552525445931"
"25267-AB-1-Densifyed-0174","330.3732374340589","74.22225735054126","true","23.927714733353344","4","NA","NA","NA","0.5465636906990942"
"25267-AA-2-Densifyed-0134","185.44135501598373","85.29861211004219","true","5.866820608298268","5","NA","NA","NA","0.28191841876245227"
"25267-AA-2-Densifyed-0073","1410.1568763497291","230.9571859384961","true","6.506287649380103","9","NA","NA","NA","0.49255763913298045"
"25267-AA-2-Densifyed-0118","674.7503967360921","193.41887569471876","true","5.054723140623114","6","NA","NA","NA","0.20526758473651668"
"25267-newSection2ConsolidationDivision-5","1253.162437654276","201.37642025655","true","71.78843292784174","3","NA","NA","NA","0.20219887061860192"
"25267-AA-3-Densifyed-0210","236.011552046518","64.6713045717886","true","11.993836694710213","5","NA","NA","NA","0.9999391161868686"
"25267-AA-1-Densifyed-0041","2253.8445884596053","279.96322969619445","true","5.43730468731836","8","NA","NA","NA","0.35491635168332175"
"25267-AA-1-Densifyed-0067","243.63694667515577","64.11637533922199","true","21.87309768097311","3","NA","NA","NA","0.5281632280563616"
"25267-AB-3-Densifyed-0150","161.64294247203205","53.76427684498624","true","19.585592233287645","5","NA","NA","NA","0.501933538699723"
"25267-AB-15-Densifyed-0150","257.0080806393584","65.06246788218883","true","46.223225952565016","2","NA","NA","NA","0.5944000735154655"
"25267-AA-1-Densifyed-0253","360.71517283792053","77.41178397115394","true","24.976573651467717","4","NA","NA","NA","0.5575354590260043"
"25267-newSection0ConsolidationDivision-25","6955.298168233973","463.9873582049314","true","16.179840964447237","16","NA","NA","NA","0.19101374719717445"
"25267-newSection1ConsolidationDivision-21","2847.1399588533377","306.42924357306566","true","20.91731828847224","6","NA","NA","NA","0.177578316258898"
"25267-newSection6ConsolidationDivision-9","1154.7803536999713","244.3133559183991","true","21.23526163714842","5","NA","NA","NA","0.9570178592069346"
"25267-AB-3-Densifyed-0123","667.855307869522","140.1545412658872","true","5.069404972193541","6","NA","NA","NA","0.4622948101365739"
"25267-newSection0ConsolidationDivision-14","1514.34568186816","197.8280874361406","true","21.09291109947371","4","NA","NA","NA","0.23137688652499414"
"25267-AA-1-Densifyed-0129","622.4417109443114","152.6218680869114","true","5.023633999863434","10","NA","NA","NA","0.4517657710132996"
"25267-newSection6ConsolidationDivision-7","2359.073737870289","288.9645695097417","true","20.767894192722203","5","NA","NA","NA","0.9988375944616912"
"25267-AA-2-Densifyed-0192","904.7783141344555","121.15323331761212","true","29.033692894957817","3","NA","NA","NA","0.6070399737805735"
"25267-AA-1-Densifyed-0030","523.4449605810026","126.26244877205107","true","4.996329121383859","7","NA","NA","NA","0.7508913260563125"
"25267-newSection1ConsolidationDivision-1","42052.57817694568","1677.46381834167","true","28.08055848563124","15","NA","NA","NA","0.2736744678779789"
"25267-newSection0ConsolidationDivision-28","427.0945939028255","99.0271500463999","true","19.719399103027687","4","NA","NA","NA","0.38136795411590774"
"25267-AA-2-Densifyed-0023","233.87090968253983","69.36946024423435","true","11.210295139196127","4","NA","NA","NA","0.3347344082318482"
"25267-newSection0ConsolidationDivision-31","1045.428425600872","147.57829351546025","true","21.452703825439144","4","NA","NA","NA","0.3210826216591614"
"25267-newSection1ConsolidationDivision-37","1091.7657271514006","159.79293485149924","true","20.372052714728653","5","NA","NA","NA","0.2678945689045984"
"25267-AA-3-Densifyed-0021","200.3081755367251","57.42929718474944","true","18.810909964454357","3","NA","NA","NA","0.5734581259660604"
"25267-newSection1ConsolidationDivision-18","843.8779084582875","133.29663476176955","true","20.196526267933947","5","NA","NA","NA","0.3241642495452017"
"25267-AA-2-Densifyed-0022","971.4968899425986","146.99142634038984","true","7.978657611638468","8","NA","NA","NA","0.4287799179489251"
"25267-AB-1-Densifyed-0155","241.41757887926568","65.60240066540784","true","14.294726385192131","4","NA","NA","NA","0.9132925431176454"
"25267-AA-2-Densifyed-0129","576.9715013919935","96.61521372850054","true","24.486638754178152","3","NA","NA","NA","0.6486973658538956"
"25267-AA-1-Densifyed-0073","167.7332785139644","62.57167150172378","true","2.4646901342569985","2","NA","NA","NA","0.3939653984660354"
"25267-newSection6ConsolidationDivision-11","1176.40779253793","163.18219585750816","true","20.720970431249413","5","NA","NA","NA","0.294140666480236"
"25267-newSection0ConsolidationDivision-21","1619.0900309818094","210.01376880547838","true","20.917337577594985","4","NA","NA","NA","0.2132402852103136"
"25267-AB-1-Densifyed-0139","502.79262016657765","90.90509597310013","true","46.5600948446638","3","NA","NA","NA","0.5598615599102031"
"25267-AA-2-Densifyed-0003","891.3166343376423","157.0644563184539","true","42.38118470035226","9","NA","NA","NA","0.526365083309505"
"25267-newSection0ConsolidationDivision-1","2151.088380283513","289.1316880340213","true","19.98698222574903","4","NA","NA","NA","0.13418881753708833"
"25267-newSection1ConsolidationDivision-13","2727.4355718686074","329.166139580347","true","21.087150699072975","6","NA","NA","NA","0.12577132692737503"
"25267-AB-2-Densifyed-0060","391.361271225368","80.91292138137847","true","19.829118934302464","3","NA","NA","NA","0.5435650880099238"
"25267-newSection6ConsolidationDivision-8","2393.278330030585","293.0216870305447","true","20.731542159519286","5","NA","NA","NA","0.9987619785874282"
"25267-AB-13-Densifyed-0150","178.86507526076534","55.01004442470513","true","15.226826840666673","3","NA","NA","NA","0.9148448213594835"
"25267-AA-1-Densifyed-0037","239.6230005244098","62.4180728598373","true","19.487199463388926","3","NA","NA","NA","0.6098837975107596"
"25267-newSection1ConsolidationDivision-38","5773.215125470175","670.3803953789045","true","20.317731599742753","6","NA","NA","NA","0.999595216083363"
"25267-AA-1-Densifyed-0134","332.11187369060053","92.22273777449169","true","5.113193701522555","7","NA","NA","NA","0.43763246302541536"
"25267-newSection0ConsolidationDivision-6","2060.0427950043522","261.44742943122196","true","20.731542160367063","5","NA","NA","NA","0.1586430035728048"
"25267-AB-2-Densifyed-0179","376.1187326422425","77.81581872440876","true","19.544692096707315","5","NA","NA","NA","0.6436269835731302"
"25267-AB-16-Densifyed-0150","396.29703919641184","82.7427082721941","true","17.219227277661652","6","NA","NA","NA","0.4885490423130236"
"25267-AA-6-Densifyed-0134","357.56801378027177","76.11077513201388","true","18.514885378120685","3","NA","NA","NA","0.6206029212495779"
"25267-AA-2-Densifyed-0025","344.139422388785","78.3493741411278","true","15.235852610846223","3","NA","NA","NA","0.4567885253955925"
"25267-AB-1-Densifyed-0153","303.8026208547874","72.33813156043526","true","15.412682522872073","5","NA","NA","NA","0.4890622007277067"
"25267-AB-6-Densifyed-0150","266.4600197204513","88.9857611363679","true","4.999187129163212","8","NA","NA","NA","0.4209076561250347"
"25267-newSection2ConsolidationDivision-9","1553.9709065474817","203.55639734944356","true","20.73154215974848","4","NA","NA","NA","0.21706382547042619"
"25267-newSection3ConsolidationDivision-2","626.2260559048366","110.17058755046928","true","9.860861057228016","5","NA","NA","NA","0.4310786457136361"
